datetime,y_true,pred_classifier_prob,pred_classifier_label,pred_regressor_value,pred_final
2025-02-16 00:00:00+00:00,144.74000549316406,0.9969886,1,225.08197,225.08197
2025-02-16 01:00:00+00:00,144.94000244140625,0.99694866,1,254.5922,254.5922
2025-02-16 02:00:00+00:00,145.0,0.9985337,1,271.08856,271.08856
2025-02-16 03:00:00+00:00,161.51499938964844,0.998445,1,280.1176,280.1176
2025-02-16 04:00:00+00:00,165.52999877929688,0.99911743,1,302.43896,302.43896
2025-02-16 05:00:00+00:00,160.9499969482422,0.9981805,1,301.26675,301.26675
2025-02-16 06:00:00+00:00,158.9824981689453,0.9981766,1,252.63081,252.63081
2025-02-16 07:00:00+00:00,147.31500244140625,0.99850863,1,264.6408,264.6408
2025-02-16 08:00:00+00:00,127.38999938964844,0.9986076,1,274.299,274.299
2025-02-16 09:00:00+00:00,135.67750549316406,0.99798906,1,209.86569,209.86569
2025-02-16 10:00:00+00:00,154.43499755859375,0.99837387,1,181.59174,181.59174
2025-02-16 11:00:00+00:00,154.43499755859375,0.997626,1,173.09529,173.09529
2025-02-16 12:00:00+00:00,154.43499755859375,0.99822146,1,147.00711,147.00711
2025-02-16 13:00:00+00:00,154.43499755859375,0.998248,1,146.63864,146.63864
2025-02-16 14:00:00+00:00,154.43499755859375,0.9982931,1,147.6936,147.6936
2025-02-16 15:00:00+00:00,154.43499755859375,0.9986688,1,147.4261,147.4261
2025-02-16 16:00:00+00:00,180.60333251953125,0.9975388,1,149.67168,149.67168
2025-02-16 17:00:00+00:00,180.60333251953125,0.9979073,1,166.56062,166.56062
2025-02-16 18:00:00+00:00,180.60333251953125,0.99775356,1,176.27257,176.27257
2025-02-16 19:00:00+00:00,248.9666748046875,0.9988431,1,165.85654,165.85654
2025-02-16 20:00:00+00:00,151.24667358398438,0.9984371,1,153.306,153.306
2025-02-16 21:00:00+00:00,151.24667358398438,0.99238706,1,164.16534,164.16534
2025-02-16 22:00:00+00:00,107.58000183105467,0.99178606,1,157.8741,157.8741
2025-02-16 23:00:00+00:00,107.58000183105467,0.99557257,1,156.20532,156.20532
2025-02-17 00:00:00+00:00,152.19500732421875,0.99775,1,166.26273,166.26273
2025-02-17 01:00:00+00:00,103.00499725341795,0.99666566,1,145.24168,145.24168
2025-02-17 02:00:00+00:00,134.875,0.9955254,1,169.57378,169.57378
2025-02-17 03:00:00+00:00,186.16500854492188,0.9974152,1,180.27902,180.27902
2025-02-17 04:00:00+00:00,147.83499145507812,0.99716264,1,202.14388,202.14388
2025-02-17 05:00:00+00:00,226.3500061035156,0.9966826,1,245.98892,245.98892
2025-02-17 06:00:00+00:00,322.82000732421875,0.99795973,1,188.92314,188.92314
2025-02-17 07:00:00+00:00,252.30499267578125,0.99680555,1,216.2553,216.2553
2025-02-17 08:00:00+00:00,232.0133514404297,0.99849606,1,216.47482,216.47482
2025-02-17 09:00:00+00:00,152.30499267578125,0.99777657,1,201.03535,201.03535
2025-02-17 10:00:00+00:00,174.42665100097656,0.99875975,1,234.24194,234.24194
2025-02-17 11:00:00+00:00,174.42665100097656,0.9982146,1,172.14648,172.14648
2025-02-17 12:00:00+00:00,270.0775146484375,0.9987219,1,195.11308,195.11308
2025-02-17 13:00:00+00:00,245.4824981689453,0.99874556,1,218.91002,218.91002
2025-02-17 14:00:00+00:00,242.82666015625,0.99882406,1,229.04765,229.04765
2025-02-17 15:00:00+00:00,260.4100036621094,0.9986204,1,267.8957,267.8957
2025-02-17 16:00:00+00:00,218.08499145507807,0.9980596,1,227.46866,227.46866
2025-02-17 17:00:00+00:00,218.08499145507807,0.99755496,1,206.68416,206.68416
2025-02-17 18:00:00+00:00,157.92333984375,0.9976252,1,194.56406,194.56406
2025-02-17 19:00:00+00:00,157.92333984375,0.997269,1,197.94106,197.94106
2025-02-17 20:00:00+00:00,160.7449951171875,0.9970855,1,189.54482,189.54482
2025-02-17 21:00:00+00:00,171.4949951171875,0.9970336,1,148.06317,148.06317
2025-02-17 22:00:00+00:00,86.7074966430664,0.96681565,1,106.942055,106.942055
2025-02-17 23:00:00+00:00,61.50749969482422,0.582985,1,58.96099,58.96099
2025-02-18 00:00:00+00:00,64.15999603271484,0.57496876,1,54.75547,54.75547
2025-02-18 01:00:00+00:00,48.54499816894531,0.60716605,1,56.232285,56.232285
2025-02-18 02:00:00+00:00,48.54499816894531,0.7355089,1,76.61718,76.61718
2025-02-18 03:00:00+00:00,26.05500030517578,0.74419135,1,81.94098,81.94098
2025-02-18 04:00:00+00:00,41.09333419799805,0.6896296,1,79.45863,79.45863
2025-02-18 05:00:00+00:00,41.426666259765625,0.73982507,1,83.26404,83.26404
2025-02-18 06:00:00+00:00,54.823333740234375,0.82820886,1,83.12557,83.12557
2025-02-18 07:00:00+00:00,54.823333740234375,0.7507868,1,69.50911,69.50911
2025-02-18 08:00:00+00:00,54.823333740234375,0.63189346,1,54.873096,54.873096
2025-02-18 09:00:00+00:00,78.8699951171875,0.61095643,1,54.537144,54.537144
2025-02-18 10:00:00+00:00,30.13999938964844,0.6490534,1,53.19532,53.19532
2025-02-18 11:00:00+00:00,30.13999938964844,0.80366987,1,74.0469,74.0469
2025-02-18 12:00:00+00:00,53.66749954223633,0.71772826,1,60.63994,60.63994
2025-02-18 13:00:00+00:00,51.875,0.29533648,0,25.76157,25.76157
2025-02-18 14:00:00+00:00,78.25666046142578,0.31458646,0,23.254942,23.254942
2025-02-18 15:00:00+00:00,67.60499572753906,0.508349,1,42.92088,42.92088
2025-02-18 16:00:00+00:00,64.04000091552734,0.75136095,1,63.234528,63.234528
2025-02-18 17:00:00+00:00,51.025001525878906,0.92390335,1,85.37813,85.37813
2025-02-18 18:00:00+00:00,67.38999938964844,0.8144751,1,61.704952,61.704952
2025-02-18 19:00:00+00:00,67.38999938964844,0.3799424,0,28.676102,28.676102
2025-02-18 20:00:00+00:00,83.4333267211914,0.60979074,1,48.94729,48.94729
2025-02-18 21:00:00+00:00,83.4333267211914,0.7356304,1,64.291084,64.291084
2025-02-18 22:00:00+00:00,169.0,0.8527573,1,81.738335,81.738335
2025-02-18 23:00:00+00:00,169.0,0.9732484,1,137.83179,137.83179
2025-02-19 00:00:00+00:00,169.0,0.98819786,1,133.7026,133.7026
2025-02-19 01:00:00+00:00,169.0,0.9806698,1,120.95004,120.95004
2025-02-19 02:00:00+00:00,169.0,0.98677105,1,136.13936,136.13936
2025-02-19 03:00:00+00:00,169.0,0.98861116,1,157.58092,157.58092
2025-02-19 04:00:00+00:00,169.0,0.99879897,1,223.67587,223.67587
2025-02-19 05:00:00+00:00,169.0,0.9971961,1,248.45787,248.45787
2025-02-19 06:00:00+00:00,169.0,0.9966987,1,238.90286,238.90286
2025-02-19 07:00:00+00:00,155.01666259765625,0.99543935,1,263.66296,263.66296
2025-02-19 08:00:00+00:00,155.01666259765625,0.9941373,1,230.32487,230.32487
2025-02-19 09:00:00+00:00,155.01666259765625,0.9951119,1,181.4168,181.4168
2025-02-19 10:00:00+00:00,155.01666259765625,0.9952879,1,198.54768,198.54768
2025-02-19 11:00:00+00:00,159.88250732421875,0.9965307,1,167.30147,167.30147
2025-02-19 12:00:00+00:00,73.88749694824219,0.9975509,1,163.12383,163.12383
2025-02-19 13:00:00+00:00,94.7249984741211,0.99686486,1,168.58446,168.58446
2025-02-19 14:00:00+00:00,86.59750366210938,0.99367756,1,103.08964,103.08964
2025-02-19 15:00:00+00:00,86.04499816894531,0.99238104,1,108.74281,108.74281
2025-02-19 16:00:00+00:00,92.13499450683594,0.98825747,1,86.91234,86.91234
2025-02-19 17:00:00+00:00,43.900001525878906,0.8120682,1,72.920746,72.920746
2025-02-19 18:00:00+00:00,59.54499816894531,0.77885807,1,75.38142,75.38142
2025-02-19 19:00:00+00:00,59.54499816894531,0.3960634,0,27.469618,27.469618
2025-02-19 20:00:00+00:00,76.91666412353516,0.36964676,0,30.545078,30.545078
2025-02-19 21:00:00+00:00,10.9399995803833,0.3177438,0,26.139376,26.139376
2025-02-19 22:00:00+00:00,64.54666900634766,0.5159426,1,42.457466,42.457466
2025-02-19 23:00:00+00:00,46.90250015258789,0.13883439,0,12.228627,12.228627
2025-02-20 00:00:00+00:00,56.785003662109375,0.55688685,1,44.88912,44.88912
2025-02-20 01:00:00+00:00,56.785003662109375,0.23703025,0,17.351524,17.351524
2025-02-20 02:00:00+00:00,53.736663818359375,0.47950268,0,42.64074,42.64074
2025-02-20 03:00:00+00:00,77.04000091552734,0.73804855,1,73.52395,73.52395
2025-02-20 04:00:00+00:00,126.0500030517578,0.56398284,1,59.949608,59.949608
2025-02-20 05:00:00+00:00,126.0500030517578,0.9794216,1,121.667694,121.667694
2025-02-20 06:00:00+00:00,126.0500030517578,0.9843052,1,151.37341,151.37341
2025-02-20 07:00:00+00:00,129.22999572753906,0.99245477,1,121.473206,121.473206
2025-02-20 08:00:00+00:00,56.709999084472656,0.962858,1,111.32771,111.32771
2025-02-20 09:00:00+00:00,49.28666687011719,0.9684345,1,103.74657,103.74657
2025-02-20 10:00:00+00:00,49.28666687011719,0.90802133,1,85.22008,85.22008
2025-02-20 11:00:00+00:00,49.28666687011719,0.63775575,1,56.763275,56.763275
2025-02-20 12:00:00+00:00,49.28666687011719,0.6025472,1,46.46673,46.46673
2025-02-20 13:00:00+00:00,49.28666687011719,0.40210104,0,29.461552,29.461552
2025-02-20 14:00:00+00:00,49.28666687011719,0.18481423,0,12.683583,12.683583
2025-02-20 15:00:00+00:00,13.609999656677246,0.108390145,0,7.726544,7.726544
2025-02-20 16:00:00+00:00,13.609999656677246,0.050876472,0,4.063782,4.063782
2025-02-20 17:00:00+00:00,33.82500076293945,0.030411351,0,2.5155046,2.5155046
2025-02-20 18:00:00+00:00,51.19999694824219,0.027079308,0,2.3922615,2.3922615
2025-02-20 19:00:00+00:00,13.199999809265137,0.037918817,0,3.1437864,3.1437864
2025-02-20 20:00:00+00:00,13.199999809265137,0.0696646,0,5.272463,5.272463
2025-02-20 21:00:00+00:00,13.199999809265137,0.030000698,0,2.1750643,2.1750643
2025-02-20 22:00:00+00:00,61.7833366394043,0.040375452,0,2.9672687,2.9672687
2025-02-20 23:00:00+00:00,42.67000198364258,0.01567814,0,1.1796947,1.1796947
2025-02-21 00:00:00+00:00,42.67000198364258,0.1080095,0,7.673754,7.673754
2025-02-21 01:00:00+00:00,44.915000915527344,0.05470064,0,3.605302,3.605302
2025-02-21 02:00:00+00:00,62.595001220703125,0.114309035,0,8.065016,8.065016
2025-02-21 03:00:00+00:00,45.185001373291016,0.19070996,0,13.130173,13.130173
2025-02-21 04:00:00+00:00,54.46749877929688,0.32736424,0,24.889853,24.889853
2025-02-21 05:00:00+00:00,61.72999954223633,0.2718878,0,18.165224,18.165224
2025-02-21 06:00:00+00:00,19.21999931335449,0.085076585,0,6.416175,6.416175
2025-02-21 07:00:00+00:00,43.11000061035156,0.1095975,0,8.408383,8.408383
2025-02-21 08:00:00+00:00,37.2400016784668,0.12899421,0,9.487665,9.487665
2025-02-21 09:00:00+00:00,49.380001068115234,0.12757076,0,8.644032,8.644032
2025-02-21 10:00:00+00:00,72.5,0.062188804,0,4.4413805,4.4413805
2025-02-21 11:00:00+00:00,46.223331451416016,0.1263435,0,8.731803,8.731803
2025-02-21 12:00:00+00:00,46.70000076293945,0.30910707,0,22.763626,22.763626
2025-02-21 13:00:00+00:00,13.670000076293944,0.22109394,0,13.910433,13.910433
2025-02-21 14:00:00+00:00,62.55000305175781,0.14218071,0,10.107362,10.107362
2025-02-21 15:00:00+00:00,61.8700065612793,0.07911639,0,5.794901,5.794901
2025-02-21 16:00:00+00:00,50.150001525878906,0.12963802,0,10.018653,10.018653
2025-02-21 17:00:00+00:00,34.779998779296875,0.30160603,0,25.160934,25.160934
2025-02-21 18:00:00+00:00,3.0299999713897705,0.17461585,0,13.142875,13.142875
2025-02-21 19:00:00+00:00,3.0299999713897705,0.08272341,0,5.3616486,5.3616486
2025-02-21 20:00:00+00:00,2.6600000858306885,0.04949234,0,3.1337898,3.1337898
2025-02-21 21:00:00+00:00,45.84000015258789,0.064211175,0,4.148342,4.148342
2025-02-21 22:00:00+00:00,70.52750396728516,0.06996438,0,4.8866467,4.8866467
2025-02-21 23:00:00+00:00,25.763334274291992,0.09093319,0,7.017814,7.017814
2025-02-22 00:00:00+00:00,25.763334274291992,0.38140404,0,26.219694,26.219694
2025-02-22 01:00:00+00:00,55.77499771118164,0.1200572,0,7.870155,7.870155
2025-02-22 02:00:00+00:00,55.77499771118164,0.18622833,0,12.891075,12.891075
2025-02-22 03:00:00+00:00,68.61499786376953,0.4811041,0,33.932423,33.932423
2025-02-22 04:00:00+00:00,50.36750030517578,0.70883316,1,54.574974,54.574974
2025-02-22 05:00:00+00:00,56.25,0.75095487,1,58.319702,58.319702
2025-02-22 06:00:00+00:00,40.09999847412109,0.35735035,0,24.197372,24.197372
2025-02-22 07:00:00+00:00,18.63249969482422,0.26498547,0,17.79792,17.79792
2025-02-22 08:00:00+00:00,11.18000030517578,0.34226617,0,20.55155,20.55155
2025-02-22 09:00:00+00:00,11.18000030517578,0.21403739,0,12.907134,12.907134
2025-02-22 10:00:00+00:00,13.755000114440918,0.16529495,0,11.784927,11.784927
2025-02-22 11:00:00+00:00,21.54500198364257,0.13046919,0,10.76527,10.76527
2025-02-22 12:00:00+00:00,21.54500198364257,0.16630143,0,11.96384,11.96384
2025-02-22 13:00:00+00:00,11.973332405090332,0.07639168,0,5.274625,5.274625
2025-02-22 14:00:00+00:00,15.735000610351562,0.091702595,0,5.8088765,5.8088765
2025-02-22 15:00:00+00:00,18.46500015258789,0.018808188,0,1.2819076,1.2819076
2025-02-22 16:00:00+00:00,12.770000457763672,0.029612707,0,2.0884106,2.0884106
2025-02-22 17:00:00+00:00,17.239999771118164,0.023773516,0,1.5825222,1.5825222
2025-02-22 18:00:00+00:00,1.7625000476837158,0.02158713,0,1.4296012,1.4296012
2025-02-22 19:00:00+00:00,1.7625000476837158,0.07351252,0,5.086994,5.086994
2025-02-22 20:00:00+00:00,8.869999885559082,0.029047314,0,1.88856,1.88856
2025-02-22 21:00:00+00:00,0.5400000214576721,0.035261493,0,2.3798168,2.3798168
2025-02-22 22:00:00+00:00,30.209999084472656,0.035560094,0,2.295092,2.295092
2025-02-22 23:00:00+00:00,18.51999855041504,0.02063768,0,1.4926476,1.4926476
2025-02-23 00:00:00+00:00,2.9749999046325684,0.030547466,0,1.8915112,1.8915112
2025-02-23 01:00:00+00:00,14.774999618530272,0.016247237,0,0.9550299,0.9550299
2025-02-23 02:00:00+00:00,14.774999618530272,0.026523095,0,1.8324157,1.8324157
2025-02-23 03:00:00+00:00,14.110000610351562,0.04976711,0,3.234336,3.234336
2025-02-23 04:00:00+00:00,8.845000267028809,0.2750914,0,18.94753,18.94753
2025-02-23 05:00:00+00:00,2.7850000858306885,0.37566087,0,22.854437,22.854437
2025-02-23 06:00:00+00:00,11.217499732971191,0.18457778,0,12.790611,12.790611
2025-02-23 07:00:00+00:00,20.873334884643555,0.06758579,0,5.016293,5.016293
2025-02-23 08:00:00+00:00,25.19499969482422,0.07850741,0,5.6813173,5.6813173
2025-02-23 09:00:00+00:00,8.764999389648438,0.13204348,0,9.053997,9.053997
2025-02-23 10:00:00+00:00,21.426666259765625,0.08093953,0,4.617215,4.617215
2025-02-23 11:00:00+00:00,23.99499893188477,0.077164575,0,5.253676,5.253676
2025-02-23 12:00:00+00:00,19.989999771118164,0.12252595,0,8.76326,8.76326
2025-02-23 13:00:00+00:00,35.022499084472656,0.11909262,0,7.26211,7.26211
2025-02-23 14:00:00+00:00,26.446664810180664,0.102567144,0,6.317629,6.317629
2025-02-23 15:00:00+00:00,45.06999969482422,0.13174766,0,8.507972,8.507972
2025-02-23 16:00:00+00:00,60.556671142578125,0.07437468,0,5.5778747,5.5778747
2025-02-23 17:00:00+00:00,35.349998474121094,0.09847235,0,7.218032,7.218032
2025-02-23 18:00:00+00:00,37.36000061035156,0.15062915,0,11.776293,11.776293
2025-02-23 19:00:00+00:00,27.96333312988281,0.17665194,0,11.327632,11.327632
2025-02-23 20:00:00+00:00,27.96333312988281,0.08598354,0,5.4297194,5.4297194
2025-02-23 21:00:00+00:00,27.96333312988281,0.06297262,0,4.1156178,4.1156178
2025-02-23 22:00:00+00:00,26.545000076293945,0.06997549,0,4.1873317,4.1873317
2025-02-23 23:00:00+00:00,17.836666107177734,0.049191974,0,3.0581605,3.0581605
2025-02-24 00:00:00+00:00,26.51000022888184,0.06045507,0,4.058824,4.058824
2025-02-24 01:00:00+00:00,28.15333366394043,0.055466816,0,3.622845,3.622845
2025-02-24 02:00:00+00:00,29.17250061035156,0.10895875,0,6.9349155,6.9349155
2025-02-24 03:00:00+00:00,29.17250061035156,0.27460456,0,18.68475,18.68475
2025-02-24 04:00:00+00:00,27.30500030517578,0.4375554,0,35.647354,35.647354
2025-02-24 05:00:00+00:00,18.046667098999023,0.23984112,0,17.396343,17.396343
2025-02-24 06:00:00+00:00,31.8799991607666,0.17024517,0,11.685066,11.685066
2025-02-24 07:00:00+00:00,30.122499465942383,0.060348157,0,4.8699017,4.8699017
2025-02-24 08:00:00+00:00,18.799999237060547,0.07053085,0,5.8084927,5.8084927
2025-02-24 09:00:00+00:00,3.2100000381469727,0.07315793,0,5.025685,5.025685
2025-02-24 10:00:00+00:00,18.684999465942383,0.070857234,0,4.4809556,4.4809556
2025-02-24 11:00:00+00:00,34.599998474121094,0.031291388,0,2.1385734,2.1385734
2025-02-24 12:00:00+00:00,34.599998474121094,0.07496695,0,4.838506,4.838506
2025-02-24 13:00:00+00:00,26.295000076293945,0.16774425,0,11.57737,11.57737
2025-02-24 14:00:00+00:00,27.950000762939453,0.09618024,0,5.998401,5.998401
2025-02-24 15:00:00+00:00,6.090000152587891,0.056537613,0,3.8253665,3.8253665
2025-02-24 16:00:00+00:00,24.05500030517578,0.023662819,0,1.7841164,1.7841164
2025-02-24 17:00:00+00:00,26.55499839782715,0.026923014,0,2.0011494,2.0011494
2025-02-24 18:00:00+00:00,31.84000015258789,0.035210107,0,2.6990051,2.6990051
2025-02-24 19:00:00+00:00,32.404998779296875,0.080562145,0,5.4342175,5.4342175
2025-02-24 20:00:00+00:00,18.80000114440918,0.05923398,0,4.183345,4.183345
2025-02-24 21:00:00+00:00,18.80000114440918,0.052563593,0,3.6803093,3.6803093
2025-02-24 22:00:00+00:00,25.44750022888184,0.04838358,0,3.0414205,3.0414205
2025-02-24 23:00:00+00:00,33.352500915527344,0.02913425,0,2.1179333,2.1179333
2025-02-25 00:00:00+00:00,26.997499465942383,0.031429354,0,2.0988255,2.0988255
2025-02-25 01:00:00+00:00,31.03499984741211,0.063624896,0,4.390179,4.390179
2025-02-25 02:00:00+00:00,31.683334350585938,0.17410497,0,10.53124,10.53124
2025-02-25 03:00:00+00:00,37.75333404541016,0.46003604,0,31.801567,31.801567
2025-02-25 04:00:00+00:00,72.5050048828125,0.35076407,0,22.247108,22.247108
2025-02-25 05:00:00+00:00,14.020000457763672,0.4125753,0,27.324108,27.324108
2025-02-25 06:00:00+00:00,70.66000366210938,0.24871087,0,19.46656,19.46656
2025-02-25 07:00:00+00:00,92.375,0.20489852,0,14.723931,14.723931
2025-02-25 08:00:00+00:00,26.183334350585938,0.3418581,0,26.445171,26.445171
2025-02-25 09:00:00+00:00,6.139999866485596,0.43189132,0,35.962326,35.962326
2025-02-25 10:00:00+00:00,21.9900016784668,0.2454693,0,17.316675,17.316675
2025-02-25 11:00:00+00:00,16.8700008392334,0.1523759,0,11.327049,11.327049
2025-02-25 12:00:00+00:00,55.40999984741211,0.1629072,0,11.136624,11.136624
2025-02-25 13:00:00+00:00,64.80999755859375,0.32769695,0,23.478989,23.478989
2025-02-25 14:00:00+00:00,94.51750183105467,0.32024688,0,22.292213,22.292213
2025-02-25 15:00:00+00:00,95.30999755859376,0.4453638,0,31.298685,31.298685
2025-02-25 16:00:00+00:00,101.8949966430664,0.36419246,0,30.114506,30.114506
2025-02-25 17:00:00+00:00,89.94000244140625,0.50211453,1,41.229473,41.229473
2025-02-25 18:00:00+00:00,89.94000244140625,0.5089779,1,45.201664,45.201664
2025-02-25 19:00:00+00:00,89.94000244140625,0.49985853,0,44.980354,44.980354
2025-02-25 20:00:00+00:00,27.56999969482422,0.79518497,1,74.41427,74.41427
2025-02-25 21:00:00+00:00,83.68499755859375,0.5144079,1,46.089466,46.089466
2025-02-25 22:00:00+00:00,37.220001220703125,0.19009317,0,13.744152,13.744152
2025-02-25 23:00:00+00:00,35.79999923706055,0.34130844,0,28.018324,28.018324
2025-02-26 00:00:00+00:00,35.79999923706055,0.14148359,0,9.2477865,9.2477865
2025-02-26 01:00:00+00:00,35.79999923706055,0.082608834,0,5.5494127,5.5494127
2025-02-26 02:00:00+00:00,41.23500061035156,0.19711989,0,13.389882,13.389882
2025-02-26 03:00:00+00:00,87.14500427246094,0.42841792,0,33.15677,33.15677
2025-02-26 04:00:00+00:00,87.14500427246094,0.7978617,1,76.16262,76.16262
2025-02-26 05:00:00+00:00,90.16000366210938,0.9913016,1,122.846725,122.846725
2025-02-26 06:00:00+00:00,153.0266571044922,0.99753714,1,137.30362,137.30362
2025-02-26 07:00:00+00:00,144.57000732421875,0.9973636,1,146.64676,146.64676
2025-02-26 08:00:00+00:00,138.8874969482422,0.9975721,1,151.24757,151.24757
2025-02-26 09:00:00+00:00,139.7949981689453,0.9859213,1,109.622185,109.622185
2025-02-26 10:00:00+00:00,155.23500061035156,0.9847665,1,112.3791,112.3791
2025-02-26 11:00:00+00:00,75.47000122070312,0.9926294,1,107.9322,107.9322
2025-02-26 12:00:00+00:00,81.95999908447266,0.98906785,1,108.014534,108.014534
2025-02-26 13:00:00+00:00,81.95999908447266,0.96793,1,98.14198,98.14198
2025-02-26 14:00:00+00:00,52.96500015258789,0.9123126,1,92.3888,92.3888
2025-02-26 15:00:00+00:00,90.3499984741211,0.8892249,1,94.092636,94.092636
2025-02-26 16:00:00+00:00,65.38999938964844,0.61094666,1,66.45718,66.45718
2025-02-26 17:00:00+00:00,60.76333236694336,0.8531829,1,92.099625,92.099625
2025-02-26 18:00:00+00:00,57.73500061035156,0.68498033,1,59.956093,59.956093
2025-02-26 19:00:00+00:00,57.73500061035156,0.49479055,0,39.964268,39.964268
2025-02-26 20:00:00+00:00,57.73500061035156,0.45497525,0,37.088604,37.088604
2025-02-26 21:00:00+00:00,57.73500061035156,0.42029116,0,32.3823,32.3823
2025-02-26 22:00:00+00:00,57.09999847412109,0.42041612,0,36.74553,36.74553
2025-02-26 23:00:00+00:00,36.70500183105469,0.32577413,0,25.570675,25.570675
2025-02-27 00:00:00+00:00,36.70500183105469,0.4415682,0,31.810816,31.810816
2025-02-27 01:00:00+00:00,36.70500183105469,0.20150174,0,14.225973,14.225973
2025-02-27 02:00:00+00:00,35.932498931884766,0.2334653,0,18.63637,18.63637
2025-02-27 03:00:00+00:00,75.25250244140625,0.662574,1,51.30234,51.30234
2025-02-27 04:00:00+00:00,95.0050048828125,0.6890129,1,67.807625,67.807625
2025-02-27 05:00:00+00:00,53.560001373291016,0.8704317,1,94.597984,94.597984
2025-02-27 06:00:00+00:00,60.43000030517578,0.89352846,1,91.33543,91.33543
2025-02-27 07:00:00+00:00,182.0449981689453,0.87161684,1,109.103775,109.103775
2025-02-27 08:00:00+00:00,132.3699951171875,0.97657645,1,166.42198,166.42198
2025-02-27 09:00:00+00:00,56.227500915527344,0.93343556,1,117.47101,117.47101
2025-02-27 10:00:00+00:00,108.16999816894533,0.97474796,1,114.52623,114.52623
2025-02-27 11:00:00+00:00,87.78665924072266,0.89410114,1,101.41385,101.41385
2025-02-27 12:00:00+00:00,61.27999877929688,0.9531272,1,109.59162,109.59162
2025-02-27 13:00:00+00:00,57.65999984741211,0.96674204,1,109.36533,109.36533
2025-02-27 14:00:00+00:00,57.65999984741211,0.8521455,1,70.72276,70.72276
2025-02-27 15:00:00+00:00,82.32333374023438,0.610883,1,51.8006,51.8006
2025-02-27 16:00:00+00:00,88.73999786376953,0.75466657,1,76.79361,76.79361
2025-02-27 17:00:00+00:00,46.22999954223633,0.79644805,1,78.11425,78.11425
2025-02-27 18:00:00+00:00,46.22999954223633,0.8824164,1,91.27653,91.27653
2025-02-27 19:00:00+00:00,46.22999954223633,0.41117883,0,35.02173,35.02173
2025-02-27 20:00:00+00:00,62.61333084106445,0.47139904,0,44.44335,44.44335
2025-02-27 21:00:00+00:00,58.97249603271485,0.44407827,0,38.24506,38.24506
2025-02-27 22:00:00+00:00,50.39666748046875,0.439644,0,32.71747,32.71747
2025-02-27 23:00:00+00:00,58.25749969482422,0.21459557,0,16.072567,16.072567
2025-02-28 00:00:00+00:00,56.29499816894531,0.13972361,0,8.800336,8.800336
2025-02-28 01:00:00+00:00,33.13999938964844,0.21942814,0,15.40469,15.40469
2025-02-28 02:00:00+00:00,46.625,0.44433314,0,33.16075,33.16075
2025-02-28 03:00:00+00:00,114.76666259765624,0.57202595,1,40.41056,40.41056
2025-02-28 04:00:00+00:00,112.24249267578124,0.95274335,1,105.034935,105.034935
2025-02-28 05:00:00+00:00,201.566650390625,0.98466796,1,135.39485,135.39485
2025-02-28 06:00:00+00:00,196.19667053222656,0.98387384,1,140.38232,140.38232
2025-02-28 07:00:00+00:00,144.61666870117188,0.9619149,1,153.20374,153.20374
2025-02-28 08:00:00+00:00,144.61666870117188,0.9940487,1,164.27553,164.27553
2025-02-28 09:00:00+00:00,144.61666870117188,0.99176264,1,162.00903,162.00903
2025-02-28 10:00:00+00:00,144.61666870117188,0.9939605,1,150.50142,150.50142
2025-02-28 11:00:00+00:00,112.8800048828125,0.9918669,1,153.5994,153.5994
2025-02-28 12:00:00+00:00,137.5,0.7408929,1,94.107666,94.107666
2025-02-28 13:00:00+00:00,99.62000274658205,0.78591865,1,85.024574,85.024574
2025-02-28 14:00:00+00:00,224.33499145507807,0.82324,1,96.05501,96.05501
2025-02-28 15:00:00+00:00,224.33499145507807,0.8799268,1,92.04423,92.04423
2025-02-28 16:00:00+00:00,224.33499145507807,0.98822856,1,153.94223,153.94223
2025-02-28 17:00:00+00:00,215.2550048828125,0.9930062,1,172.72847,172.72847
2025-02-28 18:00:00+00:00,72.94499969482422,0.99566627,1,164.94798,164.94798
2025-02-28 19:00:00+00:00,214.8800048828125,0.99694747,1,145.57755,145.57755
2025-02-28 20:00:00+00:00,86.61000061035156,0.91709334,1,109.02526,109.02526
2025-02-28 21:00:00+00:00,161.1199951171875,0.96619684,1,146.01678,146.01678
2025-02-28 22:00:00+00:00,70.0,0.87157184,1,84.11701,84.11701
2025-02-28 23:00:00+00:00,47.2599983215332,0.95391726,1,110.758446,110.758446
2025-03-01 00:00:00+00:00,47.2599983215332,0.88367534,1,67.35279,67.35279
2025-03-01 01:00:00+00:00,47.2599983215332,0.83181393,1,77.83239,77.83239
2025-03-01 02:00:00+00:00,91.08250427246094,0.7767909,1,61.083057,61.083057
2025-03-01 03:00:00+00:00,76.25666046142578,0.8770232,1,83.10374,83.10374
2025-03-01 04:00:00+00:00,129.46499633789062,0.9933854,1,129.46442,129.46442
2025-03-01 05:00:00+00:00,170.7899932861328,0.99683905,1,146.35628,146.35628
2025-03-01 06:00:00+00:00,213.5375061035156,0.9976273,1,156.91328,156.91328
2025-03-01 07:00:00+00:00,372.83001708984375,0.9972076,1,180.54773,180.54773
2025-03-01 08:00:00+00:00,345.6400146484375,0.99444205,1,182.59778,182.59778
2025-03-01 09:00:00+00:00,188.67999267578125,0.9945285,1,170.75296,170.75296
2025-03-01 10:00:00+00:00,270.3699951171875,0.9963415,1,173.0616,173.0616
2025-03-01 11:00:00+00:00,110.0,0.9943123,1,174.15573,174.15573
2025-03-01 12:00:00+00:00,90.12999725341795,0.994668,1,173.85924,173.85924
2025-03-01 13:00:00+00:00,90.12999725341795,0.9926327,1,147.05249,147.05249
2025-03-01 14:00:00+00:00,202.7100067138672,0.9830535,1,153.37106,153.37106
2025-03-01 15:00:00+00:00,175.4724884033203,0.98582536,1,125.12986,125.12986
2025-03-01 16:00:00+00:00,125.70999908447266,0.9966196,1,193.14299,193.14299
2025-03-01 17:00:00+00:00,62.49666976928711,0.99722266,1,174.36284,174.36284
2025-03-01 18:00:00+00:00,62.49666976928711,0.9364405,1,139.36525,139.36525
2025-03-01 19:00:00+00:00,23.900001525878903,0.3398724,0,32.10966,32.10966
2025-03-01 20:00:00+00:00,8.140000343322754,0.46985462,0,40.19095,40.19095
2025-03-01 21:00:00+00:00,7.440000057220459,0.25736475,0,22.973658,22.973658
2025-03-01 22:00:00+00:00,10.0,0.0997766,0,10.62743,10.62743
2025-03-01 23:00:00+00:00,33.352500915527344,0.08048579,0,8.450713,8.450713
2025-03-02 00:00:00+00:00,21.13999938964844,0.09855471,0,7.8186707,7.8186707
2025-03-02 01:00:00+00:00,32.31749725341797,0.19136287,0,14.792236,14.792236
2025-03-02 02:00:00+00:00,24.26666831970215,0.29378587,0,22.197433,22.197433
2025-03-02 03:00:00+00:00,50.02249526977539,0.46513066,0,43.79851,43.79851
2025-03-02 04:00:00+00:00,41.790000915527344,0.5393883,1,48.247032,48.247032
2025-03-02 05:00:00+00:00,27.655000686645508,0.5196428,1,37.97191,37.97191
2025-03-02 06:00:00+00:00,27.655000686645508,0.3515112,0,24.470583,24.470583
2025-03-02 07:00:00+00:00,27.655000686645508,0.2053705,0,12.123578,12.123578
2025-03-02 08:00:00+00:00,1.7100000381469729,0.21006079,0,12.371234,12.371234
2025-03-02 09:00:00+00:00,60.68250274658203,0.15624346,0,9.499795,9.499795
2025-03-02 10:00:00+00:00,60.68250274658203,0.07553551,0,4.904282,4.904282
2025-03-02 11:00:00+00:00,60.68250274658203,0.35802844,0,22.793524,22.793524
2025-03-02 12:00:00+00:00,60.68250274658203,0.7053465,1,42.871395,42.871395
2025-03-02 13:00:00+00:00,48.2300033569336,0.622532,1,40.297707,40.297707
2025-03-02 14:00:00+00:00,45.66666793823242,0.5231898,1,33.20733,33.20733
2025-03-02 15:00:00+00:00,57.87749862670898,0.4150959,0,27.279362,27.279362
2025-03-02 16:00:00+00:00,49.76666259765625,0.34494463,0,21.282858,21.282858
2025-03-02 17:00:00+00:00,57.21333312988281,0.43800578,0,26.577883,26.577883
2025-03-02 18:00:00+00:00,57.21333312988281,0.46245924,0,29.793066,29.793066
2025-03-02 19:00:00+00:00,45.20500183105469,0.24037686,0,17.287628,17.287628
2025-03-02 20:00:00+00:00,2.220000028610229,0.28733027,0,19.951643,19.951643
2025-03-02 21:00:00+00:00,2.220000028610229,0.23494211,0,15.070454,15.070454
2025-03-02 22:00:00+00:00,51.15333557128906,0.12706928,0,9.227107,9.227107
2025-03-02 23:00:00+00:00,51.15333557128906,0.15944892,0,15.38531,15.38531
2025-03-03 00:00:00+00:00,21.239999771118164,0.44774508,0,35.085083,35.085083
2025-03-03 01:00:00+00:00,37.65999984741211,0.41250268,0,27.25638,27.25638
2025-03-03 02:00:00+00:00,37.65999984741211,0.2984474,0,20.34694,20.34694
2025-03-03 03:00:00+00:00,35.119998931884766,0.28542873,0,21.633553,21.633553
2025-03-03 04:00:00+00:00,39.856666564941406,0.34721974,0,30.997337,30.997337
2025-03-03 05:00:00+00:00,9.279999732971191,0.46646494,0,43.342415,43.342415
2025-03-03 06:00:00+00:00,9.279999732971191,0.37989786,0,32.452766,32.452766
2025-03-03 07:00:00+00:00,9.279999732971191,0.21798626,0,19.67673,19.67673
2025-03-03 08:00:00+00:00,9.279999732971191,0.12467715,0,11.5088005,11.5088005
2025-03-03 09:00:00+00:00,35.86333084106445,0.08568146,0,8.085886,8.085886
2025-03-03 10:00:00+00:00,35.86333084106445,0.07428903,0,6.430035,6.430035
2025-03-03 11:00:00+00:00,35.86333084106445,0.075669445,0,6.7922745,6.7922745
2025-03-03 12:00:00+00:00,35.86333084106445,0.093400806,0,6.921216,6.921216
2025-03-03 13:00:00+00:00,78.96749877929688,0.08492229,0,6.225467,6.225467
2025-03-03 14:00:00+00:00,9.65000057220459,0.11026724,0,7.785576,7.785576
2025-03-03 15:00:00+00:00,65.82666778564453,0.3742856,0,28.806137,28.806137
2025-03-03 16:00:00+00:00,53.584999084472656,0.07474987,0,5.587481,5.587481
2025-03-03 17:00:00+00:00,39.17499923706055,0.23916781,0,18.513313,18.513313
2025-03-03 18:00:00+00:00,12.99000072479248,0.18493275,0,11.167808,11.167808
2025-03-03 19:00:00+00:00,12.99000072479248,0.10707066,0,7.1791415,7.1791415
2025-03-03 20:00:00+00:00,39.32999801635742,0.07751615,0,5.5294394,5.5294394
2025-03-03 21:00:00+00:00,31.420000076293945,0.04705706,0,3.3813217,3.3813217
2025-03-03 22:00:00+00:00,40.81499862670898,0.13827544,0,9.572825,9.572825
2025-03-03 23:00:00+00:00,25.07333374023437,0.05874988,0,3.8307564,3.8307564
2025-03-04 00:00:00+00:00,20.005001068115234,0.060216893,0,4.1341896,4.1341896
2025-03-04 01:00:00+00:00,43.92000198364258,0.06753241,0,4.432134,4.432134
2025-03-04 02:00:00+00:00,60.75,0.12213055,0,10.154928,10.154928
2025-03-04 03:00:00+00:00,81.20249938964844,0.19969763,0,15.628087,15.628087
2025-03-04 04:00:00+00:00,42.93999862670898,0.39126164,0,36.272095,36.272095
2025-03-04 05:00:00+00:00,26.7549991607666,0.46643573,0,41.22082,41.22082
2025-03-04 06:00:00+00:00,27.540000915527344,0.31575415,0,26.365646,26.365646
2025-03-04 07:00:00+00:00,18.420000076293945,0.24362859,0,18.939407,18.939407
2025-03-04 08:00:00+00:00,35.04750061035156,0.21654601,0,14.800084,14.800084
2025-03-04 09:00:00+00:00,35.04750061035156,0.33412522,0,21.978226,21.978226
2025-03-04 10:00:00+00:00,15.829999923706056,0.3319847,0,24.781534,24.781534
2025-03-04 11:00:00+00:00,24.14000129699707,0.22088118,0,15.361483,15.361483
2025-03-04 12:00:00+00:00,26.676666259765625,0.14549686,0,11.281508,11.281508
2025-03-04 13:00:00+00:00,43.85499954223633,0.17263399,0,12.447078,12.447078
2025-03-04 14:00:00+00:00,70.35749816894531,0.22908342,0,17.516464,17.516464
2025-03-04 15:00:00+00:00,83.1824951171875,0.12206952,0,8.157178,8.157178
2025-03-04 16:00:00+00:00,66.81999969482422,0.18679076,0,15.031372,15.031372
2025-03-04 17:00:00+00:00,88.5050048828125,0.2597854,0,18.217636,18.217636
2025-03-04 18:00:00+00:00,45.53666687011719,0.30411917,0,19.540165,19.540165
2025-03-04 19:00:00+00:00,45.53666687011719,0.4598691,0,31.430784,31.430784
2025-03-04 20:00:00+00:00,45.53666687011719,0.18203501,0,11.639374,11.639374
2025-03-04 21:00:00+00:00,26.89666748046875,0.122643836,0,8.261786,8.261786
2025-03-04 22:00:00+00:00,66.69000244140625,0.20471378,0,12.956641,12.956641
2025-03-04 23:00:00+00:00,38.505001068115234,0.1441725,0,10.012367,10.012367
2025-03-05 00:00:00+00:00,17.236665725708008,0.44391686,0,31.82994,31.82994
2025-03-05 01:00:00+00:00,42.915000915527344,0.28439555,0,20.442915,20.442915
2025-03-05 02:00:00+00:00,58.220001220703125,0.38171855,0,30.99089,30.99089
2025-03-05 03:00:00+00:00,53.165000915527344,0.39986995,0,35.523785,35.523785
2025-03-05 04:00:00+00:00,39.28499984741211,0.43445548,0,41.027824,41.027824
2025-03-05 05:00:00+00:00,12.56666660308838,0.69705486,1,55.37534,55.37534
2025-03-05 06:00:00+00:00,26.74249839782715,0.27873677,0,24.700228,24.700228
2025-03-05 07:00:00+00:00,74.04000091552734,0.11260002,0,8.647217,8.647217
2025-03-05 08:00:00+00:00,74.04000091552734,0.10840327,0,8.684197,8.684197
2025-03-05 09:00:00+00:00,10.296666145324709,0.4793622,0,34.57014,34.57014
2025-03-05 10:00:00+00:00,44.77999877929688,0.46373057,0,32.037914,32.037914
2025-03-05 11:00:00+00:00,44.77999877929688,0.10864412,0,7.9696555,7.9696555
2025-03-05 12:00:00+00:00,98.11249542236328,0.12332219,0,9.170298,9.170298
2025-03-05 13:00:00+00:00,83.45999908447266,0.050825126,0,3.0246937,3.0246937
2025-03-05 14:00:00+00:00,31.64999961853028,0.32217517,0,26.915663,26.915663
2025-03-05 15:00:00+00:00,31.64999961853028,0.3760671,0,26.62093,26.62093
2025-03-05 16:00:00+00:00,34.369998931884766,0.13976857,0,9.521784,9.521784
2025-03-05 17:00:00+00:00,42.93000030517578,0.06495897,0,4.067156,4.067156
2025-03-05 18:00:00+00:00,41.59250259399414,0.03920095,0,2.382209,2.382209
2025-03-05 19:00:00+00:00,26.349998474121094,0.05710378,0,3.6679475,3.6679475
2025-03-05 20:00:00+00:00,26.349998474121094,0.06492317,0,4.3050227,4.3050227
2025-03-05 21:00:00+00:00,26.349998474121094,0.073085085,0,4.7797656,4.7797656
2025-03-05 22:00:00+00:00,67.34000396728516,0.060088076,0,4.08265,4.08265
2025-03-05 23:00:00+00:00,46.1349983215332,0.14823215,0,12.375211,12.375211
2025-03-06 00:00:00+00:00,46.1349983215332,0.2384788,0,21.356888,21.356888
2025-03-06 01:00:00+00:00,48.470001220703125,0.2501952,0,23.711737,23.711737
2025-03-06 02:00:00+00:00,31.520000457763672,0.47404867,0,43.33742,43.33742
2025-03-06 03:00:00+00:00,60.93999862670898,0.6609865,1,60.43248,60.43248
2025-03-06 04:00:00+00:00,67.10333251953125,0.7401561,1,100.848656,100.848656
2025-03-06 05:00:00+00:00,68.78500366210938,0.88226765,1,118.25814,118.25814
2025-03-06 06:00:00+00:00,65.33000183105469,0.86909556,1,71.34951,71.34951
2025-03-06 07:00:00+00:00,30.309999465942383,0.7761682,1,65.76359,65.76359
2025-03-06 08:00:00+00:00,44.41999816894531,0.6494126,1,55.2803,55.2803
2025-03-06 09:00:00+00:00,40.119998931884766,0.3873917,0,33.886845,33.886845
2025-03-06 10:00:00+00:00,38.11000061035156,0.32790586,0,24.85573,24.85573
2025-03-06 11:00:00+00:00,52.383331298828125,0.3072128,0,26.67286,26.67286
2025-03-06 12:00:00+00:00,76.58000183105469,0.5469025,1,40.935265,40.935265
2025-03-06 13:00:00+00:00,55.66999816894531,0.5791672,1,42.7385,42.7385
2025-03-06 14:00:00+00:00,26.88666725158692,0.42375362,0,34.10941,34.10941
2025-03-06 15:00:00+00:00,69.61499786376953,0.36047053,0,24.026043,24.026043
2025-03-06 16:00:00+00:00,53.23500061035156,0.4851944,0,30.135334,30.135334
2025-03-06 17:00:00+00:00,61.04750061035156,0.41351718,0,24.134636,24.134636
2025-03-06 18:00:00+00:00,49.86000061035156,0.4463717,0,28.685518,28.685518
2025-03-06 19:00:00+00:00,118.83499908447266,0.3088364,0,19.355001,19.355001
2025-03-06 20:00:00+00:00,111.52999877929688,0.29433298,0,17.853685,17.853685
2025-03-06 21:00:00+00:00,55.505001068115234,0.65967596,1,58.231003,58.231003
2025-03-06 22:00:00+00:00,22.80500030517578,0.6278509,1,49.196316,49.196316
2025-03-06 23:00:00+00:00,22.170000076293945,0.45565647,0,36.244076,36.244076
2025-03-07 00:00:00+00:00,22.170000076293945,0.34485215,0,29.678806,29.678806
2025-03-07 01:00:00+00:00,81.05250549316406,0.2791481,0,20.947264,20.947264
2025-03-07 02:00:00+00:00,140.20999145507812,0.55414534,1,52.270218,52.270218
2025-03-07 03:00:00+00:00,191.7675018310547,0.8840212,1,86.81589,86.81589
2025-03-07 04:00:00+00:00,228.1599884033203,0.99240667,1,164.65797,164.65797
2025-03-07 05:00:00+00:00,237.4933319091797,0.9959027,1,185.93417,185.93417
2025-03-07 06:00:00+00:00,170.5,0.99710554,1,187.43047,187.43047
2025-03-07 07:00:00+00:00,68.30999755859375,0.9966217,1,181.66129,181.66129
2025-03-07 08:00:00+00:00,68.30999755859375,0.9945345,1,158.45224,158.45224
2025-03-07 09:00:00+00:00,68.30999755859375,0.98896897,1,117.49716,117.49716
2025-03-07 10:00:00+00:00,61.560001373291016,0.95290655,1,113.71823,113.71823
2025-03-07 11:00:00+00:00,112.9749984741211,0.97780687,1,91.68847,91.68847
2025-03-07 12:00:00+00:00,112.9749984741211,0.96373767,1,88.339935,88.339935
2025-03-07 13:00:00+00:00,165.66000366210938,0.9884471,1,104.53784,104.53784
2025-03-07 14:00:00+00:00,81.49666595458984,0.9872113,1,109.786156,109.786156
2025-03-07 15:00:00+00:00,45.54999923706055,0.9237302,1,118.84974,118.84974
2025-03-07 16:00:00+00:00,46.209999084472656,0.96310896,1,95.539116,95.539116
2025-03-07 17:00:00+00:00,10.904999732971191,0.5663114,1,51.436607,51.436607
2025-03-07 18:00:00+00:00,10.904999732971191,0.22396554,0,20.666655,20.666655
2025-03-07 19:00:00+00:00,19.773332595825195,0.12166216,0,10.076183,10.076183
2025-03-07 20:00:00+00:00,6.5966668128967285,0.12576303,0,11.220322,11.220322
2025-03-07 21:00:00+00:00,14.522499084472656,0.37869895,0,37.12083,37.12083
2025-03-07 22:00:00+00:00,15.404999732971191,0.14230287,0,11.97978,11.97978
2025-03-07 23:00:00+00:00,23.86000061035156,0.07195035,0,5.5184712,5.5184712
2025-03-08 00:00:00+00:00,31.595001220703125,0.05473811,0,4.015007,4.015007
2025-03-08 01:00:00+00:00,16.735000610351562,0.05977557,0,4.2501636,4.2501636
2025-03-08 02:00:00+00:00,8.863333702087402,0.25624645,0,19.629034,19.629034
2025-03-08 03:00:00+00:00,35.03249740600586,0.21927014,0,18.25571,18.25571
2025-03-08 04:00:00+00:00,21.43000030517578,0.14744125,0,12.514095,12.514095
2025-03-08 05:00:00+00:00,15.316665649414062,0.2074606,0,14.740009,14.740009
2025-03-08 06:00:00+00:00,28.6924991607666,0.15288933,0,10.2180605,10.2180605
2025-03-08 07:00:00+00:00,41.40999984741211,0.11488237,0,7.733984,7.733984
2025-03-08 08:00:00+00:00,22.31999969482422,0.10966315,0,8.042228,8.042228
2025-03-08 09:00:00+00:00,34.91666793823242,0.14798754,0,9.398985,9.398985
2025-03-08 10:00:00+00:00,34.91666793823242,0.13478489,0,7.9622645,7.9622645
2025-03-08 11:00:00+00:00,61.9800033569336,0.13022758,0,8.737664,8.737664
2025-03-08 12:00:00+00:00,90.65250396728516,0.16453667,0,11.13018,11.13018
2025-03-08 13:00:00+00:00,129.50498962402344,0.40980145,0,28.493103,28.493103
2025-03-08 14:00:00+00:00,60.584999084472656,0.6716922,1,60.568832,60.568832
2025-03-08 15:00:00+00:00,146.4499969482422,0.6186578,1,60.568466,60.568466
2025-03-08 16:00:00+00:00,106.3000030517578,0.3913967,0,25.645607,25.645607
2025-03-08 17:00:00+00:00,37.32500076293945,0.4742067,0,44.171345,44.171345
2025-03-08 18:00:00+00:00,58.77000045776367,0.5271621,1,45.756374,45.756374
2025-03-08 19:00:00+00:00,76.5999984741211,0.39968714,0,26.695686,26.695686
2025-03-08 20:00:00+00:00,75.68500518798828,0.273306,0,17.976933,17.976933
2025-03-08 21:00:00+00:00,107.76333618164062,0.37504783,0,23.197138,23.197138
2025-03-08 22:00:00+00:00,129.07501220703125,0.51189476,1,36.039127,36.039127
2025-03-08 23:00:00+00:00,80.02999877929688,0.3585066,0,30.500212,30.500212
2025-03-09 00:00:00+00:00,65.03999328613281,0.62673897,1,56.52487,56.52487
2025-03-09 01:00:00+00:00,41.51333236694336,0.6977256,1,50.895092,50.895092
2025-03-09 02:00:00+00:00,48.0,0.60076046,1,44.81906,44.81906
2025-03-09 03:00:00+00:00,111.18999481201172,0.70812446,1,49.02485,49.02485
2025-03-09 04:00:00+00:00,13.960000038146973,0.73293847,1,67.06749,67.06749
2025-03-09 05:00:00+00:00,158.5333251953125,0.78746086,1,81.15124,81.15124
2025-03-09 06:00:00+00:00,67.08999633789062,0.64209324,1,52.86986,52.86986
2025-03-09 07:00:00+00:00,242.44000244140625,0.95730007,1,118.10831,118.10831
2025-03-09 08:00:00+00:00,242.44000244140625,0.9866405,1,133.18254,133.18254
2025-03-09 09:00:00+00:00,115.26000213623048,0.992113,1,116.94544,116.94544
2025-03-09 10:00:00+00:00,115.93499755859376,0.97936624,1,108.93229,108.93229
2025-03-09 11:00:00+00:00,212.3066864013672,0.9505177,1,136.72491,136.72491
2025-03-09 12:00:00+00:00,248.1300048828125,0.9877627,1,132.54198,132.54198
2025-03-09 13:00:00+00:00,312.3066711425781,0.99201,1,176.24142,176.24142
2025-03-09 14:00:00+00:00,258.4125061035156,0.9917361,1,165.75302,165.75302
2025-03-09 15:00:00+00:00,273.4849853515625,0.99405515,1,167.46838,167.46838
2025-03-09 16:00:00+00:00,248.7533416748047,0.9976815,1,196.44147,196.44147
2025-03-09 17:00:00+00:00,252.4033203125,0.99480116,1,182.36551,182.36551
2025-03-09 18:00:00+00:00,252.4033203125,0.993085,1,194.21481,194.21481
2025-03-09 19:00:00+00:00,252.4033203125,0.9941087,1,168.31511,168.31511
2025-03-09 20:00:00+00:00,170.913330078125,0.996152,1,168.80551,168.80551
2025-03-09 21:00:00+00:00,160.48500061035156,0.9958632,1,169.56033,169.56033
2025-03-09 22:00:00+00:00,151.93666076660156,0.9940355,1,153.93056,153.93056
2025-03-09 23:00:00+00:00,128.42999267578125,0.99165404,1,160.9161,160.9161
2025-03-10 00:00:00+00:00,5.0,0.96962243,1,133.0567,133.0567
2025-03-10 01:00:00+00:00,5.0,0.95616996,1,112.48419,112.48419
2025-03-10 02:00:00+00:00,71.48332977294922,0.75357836,1,110.56772,110.56772
2025-03-10 03:00:00+00:00,177.5399932861328,0.92799735,1,174.62547,174.62547
2025-03-10 04:00:00+00:00,217.08999633789065,0.99461573,1,204.56683,204.56683
2025-03-10 05:00:00+00:00,208.1166534423828,0.9943151,1,210.9221,210.9221
2025-03-10 06:00:00+00:00,197.46665954589844,0.9973654,1,217.06697,217.06697
2025-03-10 07:00:00+00:00,220.8600006103516,0.9958246,1,190.78833,190.78833
2025-03-10 08:00:00+00:00,220.8600006103516,0.99494064,1,190.58025,190.58025
2025-03-10 09:00:00+00:00,215.433334350586,0.998287,1,179.7291,179.7291
2025-03-10 10:00:00+00:00,215.433334350586,0.9982786,1,181.60298,181.60298
2025-03-10 11:00:00+00:00,165.32000732421875,0.9974164,1,187.04109,187.04109
2025-03-10 12:00:00+00:00,191.33499145507807,0.99738103,1,192.0584,192.0584
2025-03-10 13:00:00+00:00,191.33499145507807,0.9955329,1,169.65906,169.65906
2025-03-10 14:00:00+00:00,222.7100067138672,0.9963462,1,181.07265,181.07265
2025-03-10 15:00:00+00:00,222.7100067138672,0.99792624,1,174.637,174.637
2025-03-10 16:00:00+00:00,222.7100067138672,0.9969023,1,185.86237,185.86237
2025-03-10 17:00:00+00:00,222.7100067138672,0.9971552,1,184.0686,184.0686
2025-03-10 18:00:00+00:00,254.73001098632807,0.99646276,1,171.75058,171.75058
2025-03-10 19:00:00+00:00,242.5399932861328,0.99834514,1,172.43419,172.43419
2025-03-10 20:00:00+00:00,232.32000732421875,0.99798274,1,156.17159,156.17159
2025-03-10 21:00:00+00:00,206.9600067138672,0.9693758,1,110.22721,110.22721
2025-03-10 22:00:00+00:00,56.459999084472656,0.78848636,1,68.064606,68.064606
2025-03-10 23:00:00+00:00,196.9099884033203,0.8808619,1,74.991295,74.991295
2025-03-11 00:00:00+00:00,30.38999938964844,0.8151709,1,64.75396,64.75396
2025-03-11 01:00:00+00:00,56.54750061035156,0.840837,1,95.954346,95.954346
2025-03-11 02:00:00+00:00,142.8249969482422,0.5689191,1,57.41294,57.41294
2025-03-11 03:00:00+00:00,69.26333618164062,0.90999633,1,109.11474,109.11474
2025-03-11 04:00:00+00:00,152.6300048828125,0.990387,1,152.51349,152.51349
2025-03-11 05:00:00+00:00,282.3433532714844,0.99675804,1,156.06523,156.06523
2025-03-11 06:00:00+00:00,183.5900115966797,0.9960245,1,173.38739,173.38739
2025-03-11 07:00:00+00:00,230.5399932861328,0.99790287,1,175.9516,175.9516
2025-03-11 08:00:00+00:00,139.9550018310547,0.99836105,1,170.16414,170.16414
2025-03-11 09:00:00+00:00,139.9550018310547,0.99739575,1,186.26958,186.26958
2025-03-11 10:00:00+00:00,150.55999755859375,0.9978376,1,162.00417,162.00417
2025-03-11 11:00:00+00:00,150.55999755859375,0.99547005,1,167.18474,167.18474
2025-03-11 12:00:00+00:00,252.77333068847656,0.9941288,1,154.4011,154.4011
2025-03-11 13:00:00+00:00,230.7066650390625,0.99504757,1,148.34251,148.34251
2025-03-11 14:00:00+00:00,240.4066619873047,0.99660933,1,167.74484,167.74484
2025-03-11 15:00:00+00:00,243.1649932861328,0.99794334,1,171.23557,171.23557
2025-03-11 16:00:00+00:00,289.5666809082031,0.99878186,1,173.86914,173.86914
2025-03-11 17:00:00+00:00,218.31333923339844,0.99872786,1,184.49277,184.49277
2025-03-11 18:00:00+00:00,218.31333923339844,0.9986455,1,188.98764,188.98764
2025-03-11 19:00:00+00:00,240.3999938964844,0.99751115,1,175.61365,175.61365
2025-03-11 20:00:00+00:00,200.0733184814453,0.99517363,1,185.82733,185.82733
2025-03-11 21:00:00+00:00,247.7749938964844,0.99581534,1,171.11433,171.11433
2025-03-11 22:00:00+00:00,236.65750122070312,0.993414,1,177.61371,177.61371
2025-03-11 23:00:00+00:00,115.74333953857422,0.99548954,1,165.34956,165.34956
2025-03-12 00:00:00+00:00,225.2466583251953,0.99679524,1,166.0733,166.0733
2025-03-12 01:00:00+00:00,225.2466583251953,0.99555236,1,140.86009,140.86009
2025-03-12 02:00:00+00:00,107.47000122070312,0.9962889,1,175.1617,175.1617
2025-03-12 03:00:00+00:00,163.77333068847656,0.99672264,1,186.45178,186.45178
2025-03-12 04:00:00+00:00,163.77333068847656,0.9981406,1,190.64838,190.64838
2025-03-12 05:00:00+00:00,177.0,0.99822587,1,228.6416,228.6416
2025-03-12 06:00:00+00:00,219.3249969482422,0.9989711,1,197.9815,197.9815
2025-03-12 07:00:00+00:00,220.0,0.9987987,1,230.08063,230.08063
2025-03-12 08:00:00+00:00,185.7366485595703,0.9988789,1,263.22745,263.22745
2025-03-12 09:00:00+00:00,185.7366485595703,0.9984475,1,229.0727,229.0727
2025-03-12 10:00:00+00:00,185.7366485595703,0.99741936,1,195.6144,195.6144
2025-03-12 11:00:00+00:00,181.163330078125,0.9984268,1,181.34225,181.34225
2025-03-12 12:00:00+00:00,210.1999969482422,0.99815387,1,196.11751,196.11751
2025-03-12 13:00:00+00:00,179.07501220703125,0.9976743,1,194.74251,194.74251
2025-03-12 14:00:00+00:00,208.7250061035156,0.9982332,1,211.44603,211.44603
2025-03-12 15:00:00+00:00,113.4000015258789,0.9978035,1,196.13641,196.13641
2025-03-12 16:00:00+00:00,175.32000732421875,0.99830747,1,216.30107,216.30107
2025-03-12 17:00:00+00:00,224.62335205078125,0.99797827,1,152.20203,152.20203
2025-03-12 18:00:00+00:00,224.62335205078125,0.99785256,1,179.13077,179.13077
2025-03-12 19:00:00+00:00,131.72000122070312,0.9985672,1,183.82532,183.82532
2025-03-12 20:00:00+00:00,96.0,0.9989324,1,184.56873,184.56873
2025-03-12 21:00:00+00:00,96.0,0.99773777,1,174.27364,174.27364
2025-03-12 22:00:00+00:00,96.0,0.9977324,1,154.69551,154.69551
2025-03-12 23:00:00+00:00,213.6533203125,0.9951557,1,152.69562,152.69562
2025-03-13 00:00:00+00:00,101.08000183105467,0.9944852,1,154.56804,154.56804
2025-03-13 01:00:00+00:00,139.3000030517578,0.9961972,1,173.24516,173.24516
2025-03-13 02:00:00+00:00,139.3000030517578,0.99661297,1,149.50638,149.50638
2025-03-13 03:00:00+00:00,172.72999572753906,0.9978927,1,178.36098,178.36098
2025-03-13 04:00:00+00:00,264.2200012207031,0.9969516,1,182.13339,182.13339
2025-03-13 05:00:00+00:00,245.8633270263672,0.99739313,1,208.16466,208.16466
2025-03-13 06:00:00+00:00,193.67999267578125,0.99888605,1,250.67343,250.67343
2025-03-13 07:00:00+00:00,166.0399932861328,0.9990783,1,240.35965,240.35965
2025-03-13 08:00:00+00:00,263.5350036621094,0.99814844,1,236.04327,236.04327
2025-03-13 09:00:00+00:00,157.6699981689453,0.9978563,1,197.99976,197.99976
2025-03-13 10:00:00+00:00,251.509994506836,0.99858356,1,228.0404,228.0404
2025-03-13 11:00:00+00:00,236.8099975585937,0.99865216,1,209.1175,209.1175
2025-03-13 12:00:00+00:00,236.8099975585937,0.99876785,1,245.5535,245.5535
2025-03-13 13:00:00+00:00,236.8099975585937,0.9987766,1,234.76521,234.76521
2025-03-13 14:00:00+00:00,287.5966491699219,0.99897814,1,226.44722,226.44722
2025-03-13 15:00:00+00:00,295.7699890136719,0.99865156,1,222.91557,222.91557
2025-03-13 16:00:00+00:00,227.60499572753903,0.9984408,1,202.6887,202.6887
2025-03-13 17:00:00+00:00,208.989990234375,0.9978719,1,225.62346,225.62346
2025-03-13 18:00:00+00:00,208.989990234375,0.99729353,1,240.88719,240.88719
2025-03-13 19:00:00+00:00,168.61334228515625,0.9972951,1,198.75763,198.75763
2025-03-13 20:00:00+00:00,152.72750854492188,0.9960311,1,212.87709,212.87709
2025-03-13 21:00:00+00:00,192.4875030517578,0.99283206,1,177.93149,177.93149
2025-03-13 22:00:00+00:00,196.44000244140625,0.98752636,1,164.82414,164.82414
2025-03-13 23:00:00+00:00,124.66999816894533,0.9894349,1,197.66747,197.66747
2025-03-14 00:00:00+00:00,210.0200042724609,0.9942128,1,197.34944,197.34944
2025-03-14 01:00:00+00:00,284.1575012207031,0.99310654,1,176.46796,176.46796
2025-03-14 02:00:00+00:00,118.05999755859376,0.9955794,1,191.39494,191.39494
2025-03-14 03:00:00+00:00,202.8325042724609,0.99702126,1,189.77109,189.77109
2025-03-14 04:00:00+00:00,220.4600067138672,0.9974298,1,218.41348,218.41348
2025-03-14 05:00:00+00:00,255.05665588378903,0.99766374,1,235.54697,235.54697
2025-03-14 06:00:00+00:00,265.4625244140625,0.9974806,1,227.61148,227.61148
2025-03-14 07:00:00+00:00,179.57000732421875,0.9972583,1,241.74248,241.74248
2025-03-14 08:00:00+00:00,98.00999450683594,0.9967554,1,216.23907,216.23907
2025-03-14 09:00:00+00:00,94.91999816894533,0.99676406,1,176.3696,176.3696
2025-03-14 10:00:00+00:00,102.6866683959961,0.99700767,1,156.01912,156.01912
2025-03-14 11:00:00+00:00,109.16999816894533,0.98436284,1,132.79094,132.79094
2025-03-14 12:00:00+00:00,109.16999816894533,0.9283353,1,109.07267,109.07267
2025-03-14 13:00:00+00:00,109.16999816894533,0.9437893,1,109.615944,109.615944
2025-03-14 14:00:00+00:00,194.27999877929688,0.96982634,1,112.33331,112.33331
2025-03-14 15:00:00+00:00,186.5433349609375,0.99712855,1,126.384026,126.384026
2025-03-14 16:00:00+00:00,178.14500427246094,0.99638605,1,147.91264,147.91264
2025-03-14 17:00:00+00:00,96.0,0.997326,1,169.60345,169.60345
2025-03-14 18:00:00+00:00,160.635009765625,0.99556524,1,165.0898,165.0898
2025-03-14 19:00:00+00:00,72.80000305175781,0.99586004,1,138.20082,138.20082
2025-03-14 20:00:00+00:00,71.38666534423828,0.9910619,1,149.94931,149.94931
2025-03-14 21:00:00+00:00,289.3299865722656,0.77144945,1,64.0142,64.0142
2025-03-14 22:00:00+00:00,47.16666793823242,0.47791418,0,36.83141,36.83141
2025-03-14 23:00:00+00:00,33.904998779296875,0.64755374,1,68.45292,68.45292
2025-03-15 00:00:00+00:00,34.744998931884766,0.37014392,0,26.551735,26.551735
2025-03-15 01:00:00+00:00,38.95249938964844,0.30616337,0,25.67617,25.67617
2025-03-15 02:00:00+00:00,34.75749969482422,0.57019824,1,46.311703,46.311703
2025-03-15 03:00:00+00:00,65.72666931152344,0.61434424,1,62.576454,62.576454
2025-03-15 04:00:00+00:00,42.619998931884766,0.63787085,1,61.944042,61.944042
2025-03-15 05:00:00+00:00,24.05500030517578,0.71338505,1,60.554073,60.554073
2025-03-15 06:00:00+00:00,24.05500030517578,0.5863503,1,46.297035,46.297035
2025-03-15 07:00:00+00:00,21.165000915527344,0.5558771,1,49.580364,49.580364
2025-03-15 08:00:00+00:00,4.644999980926514,0.3592918,0,30.400742,30.400742
2025-03-15 09:00:00+00:00,3.4100000858306885,0.28604862,0,23.492449,23.492449
2025-03-15 10:00:00+00:00,-2.7300000190734863,0.27020755,0,28.172958,28.172958
2025-03-15 11:00:00+00:00,46.040000915527344,0.17161138,0,15.471285,15.471285
2025-03-15 12:00:00+00:00,15.414999961853027,0.094725795,0,7.9460106,7.9460106
2025-03-15 13:00:00+00:00,49.400001525878906,0.17836641,0,13.01781,13.01781
2025-03-15 14:00:00+00:00,41.45000076293945,0.160587,0,9.955554,9.955554
2025-03-15 15:00:00+00:00,79.663330078125,0.17623243,0,11.797549,11.797549
2025-03-15 16:00:00+00:00,51.44499969482422,0.23361823,0,15.797691,15.797691
2025-03-15 17:00:00+00:00,21.530000686645508,0.45328254,0,28.65056,28.65056
2025-03-15 18:00:00+00:00,23.39999961853028,0.30236292,0,17.813194,17.813194
2025-03-15 19:00:00+00:00,23.39999961853028,0.16607964,0,11.125102,11.125102
2025-03-15 20:00:00+00:00,26.71666717529297,0.11325755,0,7.216932,7.216932
2025-03-15 21:00:00+00:00,51.81333541870117,0.18293524,0,11.565848,11.565848
2025-03-15 22:00:00+00:00,69.97000122070312,0.2560554,0,16.780764,16.780764
2025-03-15 23:00:00+00:00,58.41499710083008,0.17093287,0,10.909159,10.909159
2025-03-16 00:00:00+00:00,42.44499969482422,0.3776823,0,30.221056,30.221056
2025-03-16 01:00:00+00:00,40.7599983215332,0.3353031,0,24.896877,24.896877
2025-03-16 02:00:00+00:00,95.74332427978516,0.6053109,1,48.72644,48.72644
2025-03-16 03:00:00+00:00,35.23999786376953,0.51443356,1,41.67406,41.67406
2025-03-16 04:00:00+00:00,65.50333404541016,0.7544092,1,76.38378,76.38378
2025-03-16 05:00:00+00:00,22.82999992370605,0.7377753,1,60.714848,60.714848
2025-03-16 06:00:00+00:00,22.82999992370605,0.59939194,1,47.031994,47.031994
2025-03-16 07:00:00+00:00,17.78499984741211,0.3465514,0,24.868399,24.868399
2025-03-16 08:00:00+00:00,51.28000259399414,0.34393305,0,25.174572,25.174572
2025-03-16 09:00:00+00:00,51.28000259399414,0.6445432,1,52.380993,52.380993
2025-03-16 10:00:00+00:00,51.28000259399414,0.39127347,0,29.43328,29.43328
2025-03-16 11:00:00+00:00,51.28000259399414,0.4153931,0,30.928501,30.928501
2025-03-16 12:00:00+00:00,17.065000534057617,0.56540734,1,41.365456,41.365456
2025-03-16 13:00:00+00:00,17.065000534057617,0.5903784,1,43.645546,43.645546
2025-03-16 14:00:00+00:00,126.13249969482422,0.58900803,1,40.42779,40.42779
2025-03-16 15:00:00+00:00,46.18333435058594,0.43623886,0,32.74798,32.74798
2025-03-16 16:00:00+00:00,195.33999633789065,0.63571453,1,64.99731,64.99731
2025-03-16 17:00:00+00:00,39.073333740234375,0.40943038,0,33.139416,33.139416
2025-03-16 18:00:00+00:00,19.26000022888184,0.5194244,1,45.779636,45.779636
2025-03-16 19:00:00+00:00,58.47500228881836,0.19140713,0,14.168712,14.168712
