datetime,y_true,p_event,pred_prob_weighted,pred_hard_best_th
2025-02-16 00:00:00+00:00,144.74000549316406,0.9757992079821243,193.7676121219753,198.57324184826038
2025-02-16 01:00:00+00:00,144.94000244140625,0.9582039244011075,207.99205834236176,217.06450270735436
2025-02-16 02:00:00+00:00,145.0,0.9758441922376349,213.1003016978269,218.37533429305208
2025-02-16 03:00:00+00:00,161.51499938964844,0.9663486585315748,208.7255029293041,215.99399045731084
2025-02-16 04:00:00+00:00,165.52999877929688,0.99055330634278,218.63623563609548,220.72132235197105
2025-02-16 05:00:00+00:00,160.9499969482422,0.9346855704750441,208.06347277047067,222.60263701805582
2025-02-16 06:00:00+00:00,158.9824981689453,0.964546856729773,221.8810185423513,230.0365368403387
2025-02-16 07:00:00+00:00,147.31500244140625,0.9905982905982906,234.77822615570253,237.00649232284033
2025-02-16 08:00:00+00:00,127.38999938964844,0.9917521075415813,226.05126823218606,227.9312204261773
2025-02-16 09:00:00+00:00,135.67750549316406,0.9917521075415813,198.44032734394574,200.09065353624743
2025-02-16 10:00:00+00:00,154.43499755859375,0.9917521075415813,162.88222287492005,164.23683059134902
2025-02-16 11:00:00+00:00,154.43499755859375,0.9917521075415813,165.7062373964051,167.0843309898966
2025-02-16 12:00:00+00:00,154.43499755859375,0.9769980091809256,158.65503849658936,162.3903395971084
2025-02-16 13:00:00+00:00,154.43499755859375,0.9917521075415813,161.2902015061339,162.63156919923307
2025-02-16 14:00:00+00:00,154.43499755859375,0.9917521075415813,161.11778279432963,162.45771656963626
2025-02-16 15:00:00+00:00,154.43499755859375,0.9982456140350877,163.01907272759942,163.30557373415056
2025-02-16 16:00:00+00:00,180.60333251953125,0.9917521075415813,169.49879523095123,170.9084295783507
2025-02-16 17:00:00+00:00,180.60333251953125,0.9917521075415813,168.86597723516843,170.27034876060333
2025-02-16 18:00:00+00:00,180.60333251953125,0.9917521075415813,166.53717940792265,167.92218351896997
2025-02-16 19:00:00+00:00,248.9666748046875,0.9917521075415813,165.41115338330502,166.78679291475044
2025-02-16 20:00:00+00:00,151.24667358398438,0.9917521075415813,163.2094230999297,164.56675197242956
2025-02-16 21:00:00+00:00,151.24667358398438,0.9917521075415813,173.64952760033785,175.09368145512838
2025-02-16 22:00:00+00:00,107.58000183105467,0.9917521075415813,156.48025663425898,157.7816224884586
2025-02-16 23:00:00+00:00,107.58000183105467,0.9751962073791237,150.94963207685598,154.78898598522932
2025-02-17 00:00:00+00:00,152.19500732421875,0.9739974061803226,134.17117281011625,137.75311100292217
2025-02-17 01:00:00+00:00,103.00499725341795,0.9739974061803226,135.195010005563,138.80428135404443
2025-02-17 02:00:00+00:00,134.875,0.9739974061803226,154.44949409977016,158.5727981612057
2025-02-17 03:00:00+00:00,186.16500854492188,0.9739974061803226,139.84749533651996,143.5809730592127
2025-02-17 04:00:00+00:00,147.83499145507812,0.99055330634278,176.1015030198062,177.78094514669806
2025-02-17 05:00:00+00:00,226.3500061035156,0.99055330634278,209.44827245715513,211.44573554598358
2025-02-17 06:00:00+00:00,322.82000732421875,0.9917521075415813,191.5910194238341,193.18438344311886
2025-02-17 07:00:00+00:00,252.30499267578125,0.9917521075415813,215.44023472772568,217.23194041076732
2025-02-17 08:00:00+00:00,232.0133514404297,0.9917521075415813,216.81500425143963,218.6181431858961
2025-02-17 09:00:00+00:00,152.30499267578125,0.9917521075415813,202.9092689412573,204.5967610235201
2025-02-17 10:00:00+00:00,174.42665100097656,0.991797091797092,206.12477357830053,207.8295805493961
2025-02-17 11:00:00+00:00,174.42665100097656,0.9917521075415813,171.4168725988506,172.8424586097122
2025-02-17 12:00:00+00:00,270.0775146484375,0.9917521075415813,175.09654433339793,176.55273228250402
2025-02-17 13:00:00+00:00,245.4824981689453,0.9917521075415813,176.91352303693242,178.3848218638799
2025-02-17 14:00:00+00:00,242.82666015625,0.9917521075415813,243.1806365210145,245.2030448655423
2025-02-17 15:00:00+00:00,260.4100036621094,0.9917521075415813,245.2277857289795,247.26721916111262
2025-02-17 16:00:00+00:00,218.08499145507807,0.9917521075415813,177.8932971905821,179.37274429550286
2025-02-17 17:00:00+00:00,218.08499145507807,0.9917521075415813,189.539280094109,191.11558085210538
2025-02-17 18:00:00+00:00,157.92333984375,0.9917521075415813,182.61226440329526,184.13095673269225
2025-02-17 19:00:00+00:00,157.92333984375,0.9917521075415813,205.73137057037033,207.44233262115313
2025-02-17 20:00:00+00:00,160.7449951171875,0.9917521075415813,145.23578712192318,146.44363850351976
2025-02-17 21:00:00+00:00,171.4949951171875,0.9917521075415813,139.84289748065348,141.005898971372
2025-02-17 22:00:00+00:00,86.7074966430664,0.9917521075415813,113.92110708663846,114.86853037200335
2025-02-17 23:00:00+00:00,61.50749969482422,0.8206191030652181,83.7127232645322,102.01166771751254
2025-02-18 00:00:00+00:00,64.15999603271484,0.6613817765620421,59.02333080515474,89.24245102725166
2025-02-18 01:00:00+00:00,48.54499816894531,0.6240194149285059,52.96092001782522,84.87062862281772
2025-02-18 02:00:00+00:00,48.54499816894531,0.6072110518810536,53.53988977704089,88.17344416110662
2025-02-18 03:00:00+00:00,26.05500030517578,0.5045494998306838,46.95303314872998,93.05931958011341
2025-02-18 04:00:00+00:00,41.09333419799805,0.49560671651580746,49.051076195423285,98.97177451560786
2025-02-18 05:00:00+00:00,41.426666259765625,0.46882100223009315,42.759071234251095,91.20553693382816
2025-02-18 06:00:00+00:00,54.823333740234375,0.553826047245402,49.03043862030126,88.53039481289642
2025-02-18 07:00:00+00:00,54.823333740234375,0.5786297566987223,51.539670178471134,89.07193171765364
2025-02-18 08:00:00+00:00,54.823333740234375,0.589044739348999,49.517938234630755,84.06481702791716
2025-02-18 09:00:00+00:00,78.8699951171875,0.7535153735153735,62.70166903792156,83.21219611671573
2025-02-18 10:00:00+00:00,30.13999938964844,0.6611024996420534,54.06840974137923,81.78521450252263
2025-02-18 11:00:00+00:00,30.13999938964844,0.7563727938727939,63.18871423991621,83.54175976686865
2025-02-18 12:00:00+00:00,53.66749954223633,0.5323994864262284,39.87509509388729,74.89694507699822
2025-02-18 13:00:00+00:00,51.875,0.3657868079796637,27.55208413132248,75.32279330547719
2025-02-18 14:00:00+00:00,78.25666046142578,0.42055098999361296,28.753235424335355,68.37039053165002
2025-02-18 15:00:00+00:00,67.60499572753906,0.510671499043592,37.32995983217113,73.09975180146986
2025-02-18 16:00:00+00:00,64.04000091552734,0.7604566145851335,63.457276695138304,83.4462814551983
2025-02-18 17:00:00+00:00,51.025001525878906,0.8487259555623146,78.88447495804681,92.94457703462447
2025-02-18 18:00:00+00:00,67.38999938964844,0.812538743307974,62.995446129458216,77.52915986872671
2025-02-18 19:00:00+00:00,67.38999938964844,0.5000829069919979,35.36396982992301,70.7162139226824
2025-02-18 20:00:00+00:00,83.4333267211914,0.7257924870828096,55.447089031823076,76.39523695634068
2025-02-18 21:00:00+00:00,83.4333267211914,0.7616662920044883,60.105745476021895,78.91349020821274
2025-02-18 22:00:00+00:00,169.0,0.823055909757344,67.05830751429824,81.47479013189832
2025-02-18 23:00:00+00:00,169.0,0.8843269444618693,102.57314348640845,115.99006920322468
2025-02-19 00:00:00+00:00,169.0,0.937542713332187,98.38157467631608,104.93556536389809
2025-02-19 01:00:00+00:00,169.0,0.9467890475727341,104.0992230107413,109.94975414810574
2025-02-19 02:00:00+00:00,169.0,0.964546856729773,111.82591089155692,115.93621410026118
2025-02-19 03:00:00+00:00,169.0,0.9751962073791237,124.62448565915945,127.79426818536591
2025-02-19 04:00:00+00:00,169.0,0.9899503057397794,193.59453226548862,195.55984895708224
2025-02-19 05:00:00+00:00,169.0,0.9917521075415813,212.16121274102323,213.92564848381522
2025-02-19 06:00:00+00:00,169.0,0.9817417876241405,186.58693923242828,190.05704105147353
2025-02-19 07:00:00+00:00,155.01666259765625,0.9917521075415813,194.2409407638964,195.8563428167481
2025-02-19 08:00:00+00:00,155.01666259765625,0.9769980091809256,180.44654486855939,184.69489515115617
2025-02-19 09:00:00+00:00,155.01666259765625,0.9917521075415813,173.53410258115227,174.9772965053936
2025-02-19 10:00:00+00:00,155.01666259765625,0.9917521075415813,171.6367883599964,173.06420329719356
2025-02-19 11:00:00+00:00,159.88250732421875,0.9917521075415813,168.82492564346552,170.22895576391522
2025-02-19 12:00:00+00:00,73.88749694824219,0.991797091797092,169.45009686108767,170.85157666075798
2025-02-19 13:00:00+00:00,94.7249984741211,0.9982905982905983,152.45085324490765,152.7118992264914
2025-02-19 14:00:00+00:00,86.59750366210938,0.991797091797092,84.98875228788957,85.69167321704256
2025-02-19 15:00:00+00:00,86.04499816894531,0.9751962073791237,95.63504796465777,98.06749374229064
2025-02-19 16:00:00+00:00,92.13499450683594,0.9751962073791237,93.67481760736908,96.05740557494953
2025-02-19 17:00:00+00:00,43.900001525878906,0.9475930354620452,90.08658800483403,95.06885828989648
2025-02-19 18:00:00+00:00,59.54499816894531,0.9382291599009867,96.12547411977137,102.45415323684429
2025-02-19 19:00:00+00:00,59.54499816894531,0.5097300996494545,38.14302477873172,74.82984584383577
2025-02-19 20:00:00+00:00,76.91666412353516,0.554557685856351,41.896732447411075,75.54981837951432
2025-02-19 21:00:00+00:00,10.9399995803833,0.5394679663770573,41.717954697472,77.33166248524483
2025-02-19 22:00:00+00:00,64.54666900634766,0.5616990686081597,43.68490114549341,77.77278544139429
2025-02-19 23:00:00+00:00,46.90250015258789,0.3911353044016661,31.238921753644846,79.86730270087013
2025-02-20 00:00:00+00:00,56.785003662109375,0.49270561045762495,39.81756233404507,80.81410377499562
2025-02-20 01:00:00+00:00,56.785003662109375,0.3909162155385412,32.4758833330067,83.076326952226
2025-02-20 02:00:00+00:00,53.736663818359375,0.4976000010090919,40.788376141899874,81.97020912215514
2025-02-20 03:00:00+00:00,77.04000091552734,0.6558195906182558,57.62472277075564,87.86672980664015
2025-02-20 04:00:00+00:00,126.0500030517578,0.6203711742611173,54.051505663887816,87.12768727248644
2025-02-20 05:00:00+00:00,126.0500030517578,0.8170730037744379,81.64167556588352,99.919683050037
2025-02-20 06:00:00+00:00,126.0500030517578,0.9069648572374541,117.08215242602789,129.09227021502377
2025-02-20 07:00:00+00:00,129.22999572753906,0.9463468184263546,122.82778902452041,129.79151684449707
2025-02-20 08:00:00+00:00,56.709999084472656,0.9751962073791237,112.97838306333466,115.85195082635555
2025-02-20 09:00:00+00:00,49.28666687011719,0.9751962073791237,109.43905608600934,112.22260223932874
2025-02-20 10:00:00+00:00,49.28666687011719,0.888368069409897,76.23744887716033,85.81741228925691
2025-02-20 11:00:00+00:00,49.28666687011719,0.6852152355194951,57.289329721422334,83.60778738083442
2025-02-20 12:00:00+00:00,49.28666687011719,0.5267651888341544,36.67775274834372,69.62827750542807
2025-02-20 13:00:00+00:00,49.28666687011719,0.4161371296988923,28.751100830432826,69.09044826458165
2025-02-20 14:00:00+00:00,49.28666687011719,0.24583488715966215,17.185619278926055,0.0
2025-02-20 15:00:00+00:00,13.609999656677246,0.20623019655106917,14.667824727424422,0.0
2025-02-20 16:00:00+00:00,13.609999656677246,0.19125346690400297,14.812746619457162,0.0
2025-02-20 17:00:00+00:00,33.82500076293945,0.2028113931322657,16.176135700769294,0.0
2025-02-20 18:00:00+00:00,51.19999694824219,0.17999449172381504,14.527840022895477,0.0
2025-02-20 19:00:00+00:00,13.199999809265137,0.17999449172381504,14.011587871624924,0.0
2025-02-20 20:00:00+00:00,13.199999809265137,0.20213581984517948,15.424498686173749,0.0
2025-02-20 21:00:00+00:00,13.199999809265137,0.18308649775699753,13.132724227592533,0.0
2025-02-20 22:00:00+00:00,61.7833366394043,0.17999449172381504,13.030096553281036,0.0
2025-02-20 23:00:00+00:00,42.67000198364258,0.1775592992650562,12.997442441114822,0.0
2025-02-21 00:00:00+00:00,42.67000198364258,0.3657868079796637,27.159987835489762,74.25086756272455
2025-02-21 01:00:00+00:00,44.915000915527344,0.27213053240242363,20.00264871738745,0.0
2025-02-21 02:00:00+00:00,62.595001220703125,0.20590339916544825,15.579073951995914,0.0
2025-02-21 03:00:00+00:00,45.185001373291016,0.20590339916544825,15.21400942703438,0.0
2025-02-21 04:00:00+00:00,54.46749877929688,0.4036756908444916,31.35296420393314,77.66869522993217
2025-02-21 05:00:00+00:00,61.72999954223633,0.4126876523469759,31.234308981514232,75.68510665120003
2025-02-21 06:00:00+00:00,19.21999931335449,0.3550907038409365,26.418085551207888,74.3981333936636
2025-02-21 07:00:00+00:00,43.11000061035156,0.41704484319751495,30.848351999192513,73.96890886523335
2025-02-21 08:00:00+00:00,37.2400016784668,0.3163494860423417,22.16560094416301,0.0
2025-02-21 09:00:00+00:00,49.380001068115234,0.22441933989288426,15.645043765129685,0.0
2025-02-21 10:00:00+00:00,72.5,0.17999449172381504,12.350646792160957,0.0
2025-02-21 11:00:00+00:00,46.223331451416016,0.20623019655106917,14.6277934418016,0.0
2025-02-21 12:00:00+00:00,46.70000076293945,0.4407966911245083,33.11372084291639,75.12243514904931
2025-02-21 13:00:00+00:00,13.670000076293944,0.35253822985989114,24.685827752472196,70.02312277531732
2025-02-21 14:00:00+00:00,62.55000305175781,0.2631972353602132,18.036653296437233,0.0
2025-02-21 15:00:00+00:00,61.8700065612793,0.18341329514261845,12.958825052311127,0.0
2025-02-21 16:00:00+00:00,50.150001525878906,0.34384948604234167,24.2313378110474,70.47076931812994
2025-02-21 17:00:00+00:00,34.779998779296875,0.44583214634827534,31.289409400977817,70.18203971441562
2025-02-21 18:00:00+00:00,3.0299999713897705,0.37368281937567505,26.517356090496804,70.96220301163505
2025-02-21 19:00:00+00:00,3.0299999713897705,0.26214992222553263,17.41626254907869,0.0
2025-02-21 20:00:00+00:00,2.6600000858306885,0.17999449172381504,11.970950557948195,0.0
2025-02-21 21:00:00+00:00,45.84000015258789,0.17999449172381504,12.708390962719117,0.0
2025-02-21 22:00:00+00:00,70.52750396728516,0.1775592992650562,12.543529636554267,0.0
2025-02-21 23:00:00+00:00,25.763334274291992,0.1806513052982387,14.174157229844559,0.0
2025-02-22 00:00:00+00:00,25.763334274291992,0.42351040158829323,29.9560952309128,70.73284414873473
2025-02-22 01:00:00+00:00,55.77499771118164,0.3211627215872846,22.554739085167892,0.0
2025-02-22 02:00:00+00:00,55.77499771118164,0.20623019655106917,14.706284010203579,0.0
2025-02-22 03:00:00+00:00,68.61499786376953,0.38721150986418157,29.123380069178733,75.21310531134279
2025-02-22 04:00:00+00:00,50.36750030517578,0.4747577661829861,34.50067267399923,72.67005435504898
2025-02-22 05:00:00+00:00,56.25,0.642348757772991,47.93484790783026,74.62433347581977
2025-02-22 06:00:00+00:00,40.09999847412109,0.4872161664973504,32.63058514847046,66.97352713694879
2025-02-22 07:00:00+00:00,18.63249969482422,0.4072632174158892,27.577765201335065,67.71484391916786
2025-02-22 08:00:00+00:00,11.18000030517578,0.37597029206558674,25.23782210734857,67.12717105570117
2025-02-22 09:00:00+00:00,11.18000030517578,0.24173788473925634,16.38453833567006,0.0
2025-02-22 10:00:00+00:00,13.755000114440918,0.21435055964786587,14.779096358701535,0.0
2025-02-22 11:00:00+00:00,21.54500198364257,0.2167857521066247,17.004272398958914,0.0
2025-02-22 12:00:00+00:00,21.54500198364257,0.20623019655106917,14.130016864062753,0.0
2025-02-22 13:00:00+00:00,11.973332405090332,0.1806513052982387,12.369574881090925,0.0
2025-02-22 14:00:00+00:00,15.735000610351562,0.1775592992650562,12.382368721578029,0.0
2025-02-22 15:00:00+00:00,18.46500015258789,0.18308649775699753,12.852859195759079,0.0
2025-02-22 16:00:00+00:00,12.770000457763672,0.1775592992650562,14.277739011354232,0.0
2025-02-22 17:00:00+00:00,17.239999771118164,0.1775592992650562,12.489800829047017,0.0
2025-02-22 18:00:00+00:00,1.7625000476837158,0.17230218403150732,11.847943382413348,0.0
2025-02-22 19:00:00+00:00,1.7625000476837158,0.17999449172381504,12.300734201527694,0.0
2025-02-22 20:00:00+00:00,8.869999885559082,0.17999449172381504,12.444703514427205,0.0
2025-02-22 21:00:00+00:00,0.5400000214576721,0.16464912280701754,11.756358688719722,0.0
2025-02-22 22:00:00+00:00,30.209999084472656,0.17230218403150732,12.219255107451913,0.0
2025-02-22 23:00:00+00:00,18.51999855041504,0.17004066182715055,11.978730706970586,0.0
2025-02-23 00:00:00+00:00,2.9749999046325684,0.15931972789115645,11.249462103483209,0.0
2025-02-23 01:00:00+00:00,14.774999618530272,0.15848639455782312,10.883120147499284,0.0
2025-02-23 02:00:00+00:00,14.774999618530272,0.16701203558346417,11.533014614736228,0.0
2025-02-23 03:00:00+00:00,14.110000610351562,0.2037950040923103,14.481455284439633,0.0
2025-02-23 04:00:00+00:00,8.845000267028809,0.20623019655106917,14.432797905477832,0.0
2025-02-23 05:00:00+00:00,2.7850000858306885,0.2167857521066247,14.854053931310784,0.0
2025-02-23 06:00:00+00:00,11.217499732971191,0.20623019655106917,14.06027164233006,0.0
2025-02-23 07:00:00+00:00,20.873334884643555,0.20590339916544825,14.701342802266728,0.0
2025-02-23 08:00:00+00:00,25.19499969482422,0.20590339916544825,14.561877143029806,0.0
2025-02-23 09:00:00+00:00,8.764999389648438,0.20590339916544825,14.315032824714567,0.0
2025-02-23 10:00:00+00:00,21.426666259765625,0.18308649775699753,12.630720768848898,0.0
2025-02-23 11:00:00+00:00,23.99499893188477,0.18308649775699753,12.612844423079396,0.0
2025-02-23 12:00:00+00:00,19.989999771118164,0.18308649775699753,12.73830013289182,0.0
2025-02-23 13:00:00+00:00,35.022499084472656,0.18308649775699753,12.399939583126187,0.0
2025-02-23 14:00:00+00:00,26.446664810180664,0.18308649775699753,12.336008938949028,0.0
2025-02-23 15:00:00+00:00,45.06999969482422,0.20590339916544825,14.02488659131859,0.0
2025-02-23 16:00:00+00:00,60.556671142578125,0.18308649775699753,12.80083575068666,0.0
2025-02-23 17:00:00+00:00,35.349998474121094,0.17999449172381504,12.411635748977684,0.0
2025-02-23 18:00:00+00:00,37.36000061035156,0.3585401811928529,24.98540902599407,69.68649634433811
2025-02-23 19:00:00+00:00,27.96333312988281,0.291218540752713,19.67841269661649,0.0
2025-02-23 20:00:00+00:00,27.96333312988281,0.20590339916544825,14.156860857118485,0.0
2025-02-23 21:00:00+00:00,27.96333312988281,0.1775592992650562,12.134199267621428,0.0
2025-02-23 22:00:00+00:00,26.545000076293945,0.1775592992650562,12.261505823878009,0.0
2025-02-23 23:00:00+00:00,17.836666107177734,0.1775592992650562,12.24107428535564,0.0
2025-02-24 00:00:00+00:00,26.51000022888184,0.16701203558346417,11.398973433021524,0.0
2025-02-24 01:00:00+00:00,28.15333366394043,0.16701203558346417,11.325139697700546,0.0
2025-02-24 02:00:00+00:00,29.17250061035156,0.16701203558346417,11.438089023064146,0.0
2025-02-24 03:00:00+00:00,29.17250061035156,0.20623019655106917,14.149672848802126,0.0
2025-02-24 04:00:00+00:00,27.30500030517578,0.22848930661948383,15.419136504400115,0.0
2025-02-24 05:00:00+00:00,18.046667098999023,0.2167857521066247,15.954824932585241,0.0
2025-02-24 06:00:00+00:00,31.8799991607666,0.20590339916544825,13.814339734802367,0.0
2025-02-24 07:00:00+00:00,30.122499465942383,0.1775592992650562,11.975146121486183,0.0
2025-02-24 08:00:00+00:00,18.799999237060547,0.2028113931322657,13.724234923281974,0.0
2025-02-24 09:00:00+00:00,3.2100000381469727,0.17999449172381504,12.032146797261484,0.0
2025-02-24 10:00:00+00:00,18.684999465942383,0.15166666666666667,10.126166543859604,0.0
2025-02-24 11:00:00+00:00,34.599998474121094,0.15931972789115645,10.665796243226827,0.0
2025-02-24 12:00:00+00:00,34.599998474121094,0.15166666666666667,10.599651715253627,0.0
2025-02-24 13:00:00+00:00,26.295000076293945,0.15931972789115645,10.75458283688297,0.0
2025-02-24 14:00:00+00:00,27.950000762939453,0.15931972789115645,10.723194603886654,0.0
2025-02-24 15:00:00+00:00,6.090000152587891,0.15848639455782312,10.584942547158978,0.0
2025-02-24 16:00:00+00:00,24.05500030517578,0.15931972789115645,11.049188130530716,0.0
2025-02-24 17:00:00+00:00,26.55499839782715,0.15931972789115645,10.79351023839335,0.0
2025-02-24 18:00:00+00:00,31.84000015258789,0.15166666666666667,10.791492213464771,0.0
2025-02-24 19:00:00+00:00,32.404998779296875,0.15083333333333332,10.131595295885594,0.0
2025-02-24 20:00:00+00:00,18.80000114440918,0.15931972789115645,10.635516126661676,0.0
2025-02-24 21:00:00+00:00,18.80000114440918,0.15491337260608096,10.377632727048544,0.0
2025-02-24 22:00:00+00:00,25.44750022888184,0.15931972789115645,10.998591865135978,0.0
2025-02-24 23:00:00+00:00,33.352500915527344,0.1459863945578231,9.819717509094438,0.0
2025-02-25 00:00:00+00:00,26.997499465942383,0.1459863945578231,9.745982134721316,0.0
2025-02-25 01:00:00+00:00,31.03499984741211,0.15367870225013083,10.26666427251253,0.0
2025-02-25 02:00:00+00:00,31.683334350585938,0.18982893699191483,12.91063351038344,0.0
2025-02-25 03:00:00+00:00,37.75333404541016,0.20623019655106917,14.033998939322267,0.0
2025-02-25 04:00:00+00:00,72.5050048828125,0.2167857521066247,14.695143469574873,0.0
2025-02-25 05:00:00+00:00,14.020000457763672,0.20623019655106917,14.085662568534485,0.0
2025-02-25 06:00:00+00:00,70.66000366210938,0.4036756908444916,30.057522022505964,74.45957907355152
2025-02-25 07:00:00+00:00,92.375,0.33621589825608217,22.30074328454006,66.32864002033146
2025-02-25 08:00:00+00:00,26.183334350585938,0.4380640399978956,31.303097093483935,71.45781035492963
2025-02-25 09:00:00+00:00,6.139999866485596,0.5264809533900443,49.346036173813836,93.72805579398756
2025-02-25 10:00:00+00:00,21.9900016784668,0.3770280257782585,25.548512645198837,67.76290062910253
2025-02-25 11:00:00+00:00,16.8700008392334,0.2143971656980746,14.570884828433778,0.0
2025-02-25 12:00:00+00:00,55.40999984741211,0.16986699157274848,12.087755005882606,0.0
2025-02-25 13:00:00+00:00,64.80999755859375,0.22166115839048167,15.11749167259449,0.0
2025-02-25 14:00:00+00:00,94.51750183105467,0.32420135248575743,22.6660964841305,0.0
2025-02-25 15:00:00+00:00,95.30999755859376,0.46905802063591234,32.6365852565372,69.57899411311858
2025-02-25 16:00:00+00:00,101.8949966430664,0.5394679663770573,51.53589887804518,95.53097142013532
2025-02-25 17:00:00+00:00,89.94000244140625,0.6070498339948055,59.04131987366814,97.25942841485622
2025-02-25 18:00:00+00:00,89.94000244140625,0.590587097621057,58.10226451088065,98.38051786929023
2025-02-25 19:00:00+00:00,89.94000244140625,0.6543887695690352,58.39091525094121,89.22970253507876
2025-02-25 20:00:00+00:00,27.56999969482422,0.6238147894694384,57.514234129343265,92.1976123366036
2025-02-25 21:00:00+00:00,83.68499755859375,0.6289624477611129,58.25989865404879,92.62858038891467
2025-02-25 22:00:00+00:00,37.220001220703125,0.3770280257782585,26.362922691891228,69.92297890182851
2025-02-25 23:00:00+00:00,35.79999923706055,0.4669083038173948,37.520316414473605,80.35906859593483
2025-02-26 00:00:00+00:00,35.79999923706055,0.31950357333435997,22.528284001835857,0.0
2025-02-26 01:00:00+00:00,35.79999923706055,0.20623019655106917,14.47031439986592,0.0
2025-02-26 02:00:00+00:00,41.23500061035156,0.21435055964786587,15.451636390393336,0.0
2025-02-26 03:00:00+00:00,87.14500427246094,0.27758366654325883,20.920987935071036,0.0
2025-02-26 04:00:00+00:00,87.14500427246094,0.4059846394037544,32.404800649890966,79.81779975095111
2025-02-26 05:00:00+00:00,90.16000366210938,0.8503270020038862,109.90696002752689,129.25258138165603
2025-02-26 06:00:00+00:00,153.0266571044922,0.917085117730279,125.00829262704201,136.3104582227097
2025-02-26 07:00:00+00:00,144.57000732421875,0.9917521075415813,124.91364727841754,125.95248986973317
2025-02-26 08:00:00+00:00,138.8874969482422,0.991797091797092,145.17426946519922,146.37496990654603
2025-02-26 09:00:00+00:00,139.7949981689453,0.991797091797092,101.30922863017328,102.14713217862486
2025-02-26 10:00:00+00:00,155.23500061035156,0.94123586322252,96.91676622553297,102.96756637992726
2025-02-26 11:00:00+00:00,75.47000122070312,0.964546856729773,100.46675359920732,104.15953657226426
2025-02-26 12:00:00+00:00,81.95999908447266,0.937542713332187,96.6603529441405,103.0996791608492
2025-02-26 13:00:00+00:00,81.95999908447266,0.9117133481831281,76.11758325496571,83.48850371298569
2025-02-26 14:00:00+00:00,52.96500015258789,0.8582094741416777,71.12473035514769,82.87572265067543
2025-02-26 15:00:00+00:00,90.3499984741211,0.8235705193152001,66.7957400976147,81.10506451002574
2025-02-26 16:00:00+00:00,65.38999938964844,0.7534636075921265,66.09933696991943,87.72731198147142
2025-02-26 17:00:00+00:00,60.76333236694336,0.7666471349163656,79.88012614611077,104.19412335614479
2025-02-26 18:00:00+00:00,57.73500061035156,0.7370008712183779,61.23768494520508,83.09038338580197
2025-02-26 19:00:00+00:00,57.73500061035156,0.5566832358276208,43.697707422506795,78.49653916296118
2025-02-26 20:00:00+00:00,57.73500061035156,0.5600109669200579,44.28866377279904,79.08535080371254
2025-02-26 21:00:00+00:00,57.73500061035156,0.45994183992064636,34.162915741033515,74.27659929117915
2025-02-26 22:00:00+00:00,57.09999847412109,0.475623879995973,36.2057762842685,76.12270495033817
2025-02-26 23:00:00+00:00,36.70500183105469,0.4778812266650213,35.149578157376396,73.55295876064005
2025-02-27 00:00:00+00:00,36.70500183105469,0.4740572545733836,33.95808741722494,71.6328820825339
2025-02-27 01:00:00+00:00,36.70500183105469,0.2826652755160259,20.73809285117044,0.0
2025-02-27 02:00:00+00:00,35.932498931884766,0.2167857521066247,15.680445392285383,0.0
2025-02-27 03:00:00+00:00,75.25250244140625,0.2694166973962534,18.502640770728807,0.0
2025-02-27 04:00:00+00:00,95.0050048828125,0.39810966810966814,32.71940434999391,82.18691222786538
2025-02-27 05:00:00+00:00,53.560001373291016,0.7254089955375145,61.51427423412046,84.79943674883647
2025-02-27 06:00:00+00:00,60.43000030517578,0.812538743307974,76.65705826981772,94.34264999812156
2025-02-27 07:00:00+00:00,182.0449981689453,0.8253119774960431,88.16402180455228,106.82508458442307
2025-02-27 08:00:00+00:00,132.3699951171875,0.9069648572374541,114.48480431313537,126.22848989082925
2025-02-27 09:00:00+00:00,56.227500915527344,0.9562395970232836,112.00404131314438,117.12968346197567
2025-02-27 10:00:00+00:00,108.16999816894533,0.9651858874616831,103.5310055115016,107.26535360330958
2025-02-27 11:00:00+00:00,87.78665924072266,0.9175694893341951,93.29020899095815,101.671001570302
2025-02-27 12:00:00+00:00,61.27999877929688,0.919784904175148,97.17770294026398,105.6526395455596
2025-02-27 13:00:00+00:00,57.65999984741211,0.9291487797362068,90.61368314762242,97.52333008858756
2025-02-27 14:00:00+00:00,57.65999984741211,0.8885254258221706,67.62252007861743,76.10645470954861
2025-02-27 15:00:00+00:00,82.32333374023438,0.7854710119849235,54.307316785529835,69.13981032640861
2025-02-27 16:00:00+00:00,88.73999786376953,0.8837526847945124,87.65271850529506,99.18240703922253
2025-02-27 17:00:00+00:00,46.22999954223633,0.9069648572374541,91.43865000426752,100.81829441857613
2025-02-27 18:00:00+00:00,46.22999954223633,0.9163287327985128,92.96047584415848,101.44882782432528
2025-02-27 19:00:00+00:00,46.22999954223633,0.5603378384068038,40.00674386497208,71.39754113111898
2025-02-27 20:00:00+00:00,62.61333084106445,0.5564066924066925,49.39354577151489,88.77237899110644
2025-02-27 21:00:00+00:00,58.97249603271485,0.4888683634373289,43.732006680950924,89.45558753989039
2025-02-27 22:00:00+00:00,50.39666748046875,0.7069109950595361,48.671680319212264,68.85121416892537
2025-02-27 23:00:00+00:00,58.25749969482422,0.6394443585432124,50.75878422925073,79.37951684316964
2025-02-28 00:00:00+00:00,56.29499816894531,0.3529987089413319,26.39849575546986,74.78354760741425
2025-02-28 01:00:00+00:00,33.13999938964844,0.41259706951978836,30.294805350221974,73.42467406635087
2025-02-28 02:00:00+00:00,46.625,0.44696296296296295,31.364246480676886,70.17191373701326
2025-02-28 03:00:00+00:00,114.76666259765624,0.3809045815248959,27.321991588589718,71.72922803713757
2025-02-28 04:00:00+00:00,112.24249267578124,0.6394679554162312,54.86764332113868,85.80202159688392
2025-02-28 05:00:00+00:00,201.566650390625,0.8742426201249731,100.38562371524382,114.82581768993794
2025-02-28 06:00:00+00:00,196.19667053222656,0.9023494726220695,133.27268923627955,147.69520377621816
2025-02-28 07:00:00+00:00,144.61666870117188,0.9616897138726301,171.3895840489075,178.21713342314794
2025-02-28 08:00:00+00:00,144.61666870117188,0.964546856729773,172.92697289182794,179.28312314253395
2025-02-28 09:00:00+00:00,144.61666870117188,0.9905982905982906,167.8240842339037,169.41689262611504
2025-02-28 10:00:00+00:00,144.61666870117188,0.99055330634278,162.22971852155453,163.77686842571103
2025-02-28 11:00:00+00:00,112.8800048828125,0.9882905982905983,163.41819372459813,165.35439475722546
2025-02-28 12:00:00+00:00,137.5,0.9469065888932457,110.62191287326131,116.82452542922671
2025-02-28 13:00:00+00:00,99.62000274658205,0.9369436848126945,100.87901047420334,107.6681684389283
2025-02-28 14:00:00+00:00,224.33499145507807,0.8889423290772539,94.31610159704896,106.09923558815296
2025-02-28 15:00:00+00:00,224.33499145507807,0.9070955529027716,94.61347767140933,104.3037609088032
2025-02-28 16:00:00+00:00,224.33499145507807,0.9475456196251557,174.71445948186653,184.386330181108
2025-02-28 17:00:00+00:00,215.2550048828125,0.93875668559903,175.6338930570751,187.09202901175757
2025-02-28 18:00:00+00:00,72.94499969482422,0.9757992079821243,162.1341160700968,166.1552035949869
2025-02-28 19:00:00+00:00,214.8800048828125,0.9739974061803226,142.54329106125994,146.34873784753177
2025-02-28 20:00:00+00:00,86.61000061035156,0.937542713332187,106.47274050544094,113.56574904946851
2025-02-28 21:00:00+00:00,161.1199951171875,0.9716897138726301,122.18168165184174,125.74145831480666
2025-02-28 22:00:00+00:00,70.0,0.9194608374227263,81.37682836157705,88.50494229822611
2025-02-28 23:00:00+00:00,47.2599983215332,0.9108191037199951,94.39807376733597,103.64085841172246
2025-03-01 00:00:00+00:00,47.2599983215332,0.8985688202406468,72.53532037216975,80.72316637110109
2025-03-01 01:00:00+00:00,47.2599983215332,0.7257924870828096,75.22616526038986,103.64693297218837
2025-03-01 02:00:00+00:00,91.08250427246094,0.5911031304624185,49.18505736451545,83.20892722398223
2025-03-01 03:00:00+00:00,76.25666046142578,0.667266024645335,62.52661129019622,93.7056720719901
2025-03-01 04:00:00+00:00,129.46499633789062,0.8837526847945124,113.30778263933648,128.21209438892112
2025-03-01 05:00:00+00:00,170.7899932861328,0.9199422605874219,122.03777951256465,132.65808599187343
2025-03-01 06:00:00+00:00,213.5375061035156,0.9757992079821243,166.90960670946265,171.04913115744225
2025-03-01 07:00:00+00:00,372.83001708984375,0.99055330634278,180.88560984571535,182.61067696958457
2025-03-01 08:00:00+00:00,345.6400146484375,0.9739974061803226,182.73849102981134,187.61702019972296
2025-03-01 09:00:00+00:00,188.67999267578125,0.9734915156744319,191.89261388193643,197.11791093422505
2025-03-01 10:00:00+00:00,270.3699951171875,0.974220153125682,186.7197792944379,191.6607644538735
2025-03-01 11:00:00+00:00,110.0,0.9657888880646837,177.93744190061747,184.24051477459133
2025-03-01 12:00:00+00:00,90.12999725341795,0.9663486585315748,179.47392638081214,185.7237807454854
2025-03-01 13:00:00+00:00,90.12999725341795,0.9663486585315748,122.38088900908053,126.64258177275859
2025-03-01 14:00:00+00:00,202.7100067138672,0.9663486585315748,118.56791791500463,122.69683086762468
2025-03-01 15:00:00+00:00,175.4724884033203,0.9469065888932457,107.79064977938515,113.83451234125636
2025-03-01 16:00:00+00:00,125.70999908447266,0.9469065888932457,182.0254830330763,192.23172081401356
2025-03-01 17:00:00+00:00,62.49666976928711,0.9917521075415813,143.4380938515325,144.6309947423213
2025-03-01 18:00:00+00:00,62.49666976928711,0.9293061361484805,101.94388683527092,109.69892790956754
2025-03-01 19:00:00+00:00,23.900001525878903,0.639267066041914,54.82728327471943,85.76584996656881
2025-03-01 20:00:00+00:00,8.140000343322754,0.5905639975979569,51.33214118323539,86.92053933531722
2025-03-01 21:00:00+00:00,7.440000057220459,0.3844012976676594,33.274196152050855,86.5610921553616
2025-03-01 22:00:00+00:00,10.0,0.21947877467084168,19.90448163109536,0.0
2025-03-01 23:00:00+00:00,33.352500915527344,0.2167167848264619,19.675361530179824,0.0
2025-03-02 00:00:00+00:00,21.13999938964844,0.21362477879327937,16.922193074495834,0.0
2025-03-02 01:00:00+00:00,32.31749725341797,0.2170435822120828,17.55093025223227,0.0
2025-03-02 02:00:00+00:00,24.26666831970215,0.2170435822120828,16.736388308110488,0.0
2025-03-02 03:00:00+00:00,50.02249526977539,0.31494423419968987,27.7879026849786,0.0
2025-03-02 04:00:00+00:00,41.790000915527344,0.3334005712272667,27.230434294772948,81.67482795406184
2025-03-02 05:00:00+00:00,27.655000686645508,0.32918723353697227,24.958486851406278,0.0
2025-03-02 06:00:00+00:00,27.655000686645508,0.31621904395226974,22.893326589684765,0.0
2025-03-02 07:00:00+00:00,27.655000686645508,0.2797641201886832,20.11641644318519,0.0
2025-03-02 08:00:00+00:00,1.7100000381469729,0.20623019655106917,14.479607257891018,0.0
2025-03-02 09:00:00+00:00,60.68250274658203,0.20590339916544825,14.348753166114541,0.0
2025-03-02 10:00:00+00:00,60.68250274658203,0.17010404161664666,11.60782157902344,0.0
2025-03-02 11:00:00+00:00,60.68250274658203,0.30552293981354256,21.769127013897613,0.0
2025-03-02 12:00:00+00:00,60.68250274658203,0.4248527058774707,29.01462108234328,68.29336539687996
2025-03-02 13:00:00+00:00,48.2300033569336,0.49092477448653715,33.956134841184415,69.16769453466563
2025-03-02 14:00:00+00:00,45.66666793823242,0.4263245673493321,28.89610744787112,67.77959719171785
2025-03-02 15:00:00+00:00,57.87749862670898,0.3798120544808552,26.908035538576367,70.84565963909577
2025-03-02 16:00:00+00:00,49.76666259765625,0.3313840562883491,22.48564942990651,67.85374553548509
2025-03-02 17:00:00+00:00,57.21333312988281,0.38785077501957577,26.119101618425226,67.34317242786722
2025-03-02 18:00:00+00:00,57.21333312988281,0.34376745392012564,23.184811673094664,67.44330043088272
2025-03-02 19:00:00+00:00,45.20500183105469,0.3424235571104011,23.358197566503122,68.21434180409551
2025-03-02 20:00:00+00:00,2.220000028610229,0.4103004248251896,27.658196026144033,67.40962073809195
2025-03-02 21:00:00+00:00,2.220000028610229,0.30726412018868315,20.30479949182865,0.0
2025-03-02 22:00:00+00:00,51.15333557128906,0.21407036831245368,15.056034234027301,0.0
2025-03-02 23:00:00+00:00,51.15333557128906,0.23766791801265671,17.39313804980732,0.0
2025-03-03 00:00:00+00:00,21.239999771118164,0.3804775031301749,28.3523319868038,74.51776190063846
2025-03-03 01:00:00+00:00,37.65999984741211,0.3585401811928529,25.39434713279977,70.82706057746026
2025-03-03 02:00:00+00:00,37.65999984741211,0.22441933989288426,14.988988656560192,0.0
2025-03-03 03:00:00+00:00,35.119998931884766,0.2167857521066247,15.045635033275541,0.0
2025-03-03 04:00:00+00:00,39.856666564941406,0.2167857521066247,15.272575689709079,0.0
2025-03-03 05:00:00+00:00,9.279999732971191,0.2143971656980746,14.517550803068394,0.0
2025-03-03 06:00:00+00:00,9.279999732971191,0.2167857521066247,14.810190424642824,0.0
2025-03-03 07:00:00+00:00,9.279999732971191,0.22203075348433413,15.313054064462866,0.0
2025-03-03 08:00:00+00:00,9.279999732971191,0.21861195006553072,15.461978118572715,0.0
2025-03-03 09:00:00+00:00,35.86333084106445,0.2109783622792712,14.622312916229925,0.0
2025-03-03 10:00:00+00:00,35.86333084106445,0.2028113931322657,14.20831442207469,0.0
2025-03-03 11:00:00+00:00,35.86333084106445,0.16701203558346417,11.560598233413035,0.0
2025-03-03 12:00:00+00:00,35.86333084106445,0.16701203558346417,11.33112368436839,0.0
2025-03-03 13:00:00+00:00,78.96749877929688,0.1775592992650562,12.06705074911022,0.0
2025-03-03 14:00:00+00:00,9.65000057220459,0.15931972789115645,10.635316776941043,0.0
2025-03-03 15:00:00+00:00,65.82666778564453,0.4126876523469759,29.472503137320494,71.41600425820558
2025-03-03 16:00:00+00:00,53.584999084472656,0.2826652755160259,18.77324216542565,0.0
2025-03-03 17:00:00+00:00,39.17499923706055,0.4380640399978956,31.55429282707918,72.031232755902
2025-03-03 18:00:00+00:00,12.99000072479248,0.36569436421912893,23.941082110045894,65.46746259316176
2025-03-03 19:00:00+00:00,12.99000072479248,0.27832325059291485,18.354840763218338,0.0
2025-03-03 20:00:00+00:00,39.32999801635742,0.21947877467084168,14.603872935957504,0.0
2025-03-03 21:00:00+00:00,31.420000076293945,0.1806513052982387,12.41453402792228,0.0
2025-03-03 22:00:00+00:00,40.81499862670898,0.18308649775699753,12.868728898898327,0.0
2025-03-03 23:00:00+00:00,25.07333374023437,0.1806513052982387,12.186661538910855,0.0
2025-03-04 00:00:00+00:00,20.005001068115234,0.1806513052982387,12.05982069475003,0.0
2025-03-04 01:00:00+00:00,43.92000198364258,0.20590339916544825,14.037897183122174,0.0
2025-03-04 02:00:00+00:00,60.75,0.20590339916544825,15.098217065022888,0.0
2025-03-04 03:00:00+00:00,81.20249938964844,0.20590339916544825,13.910313864216885,0.0
2025-03-04 04:00:00+00:00,42.93999862670898,0.37597029206558674,29.37717670572411,78.13696274864016
2025-03-04 05:00:00+00:00,26.7549991607666,0.4833057268674895,35.379671030265655,73.20350052455697
2025-03-04 06:00:00+00:00,27.540000915527344,0.38005649859458573,25.541463180114555,67.20438480742878
2025-03-04 07:00:00+00:00,18.420000076293945,0.23357091559225088,15.593818028893962,0.0
2025-03-04 08:00:00+00:00,35.04750061035156,0.22032233747247837,14.510648360770618,0.0
2025-03-04 09:00:00+00:00,35.04750061035156,0.2167857521066247,14.332142524348853,0.0
2025-03-04 10:00:00+00:00,15.829999923706056,0.2037950040923103,13.775502093093735,0.0
2025-03-04 11:00:00+00:00,24.14000129699707,0.2037950040923103,13.40762494548763,0.0
2025-03-04 12:00:00+00:00,26.676666259765625,0.2034682067066894,13.438064410037436,0.0
2025-03-04 13:00:00+00:00,43.85499954223633,0.20623019655106917,13.730553660657892,0.0
2025-03-04 14:00:00+00:00,70.35749816894531,0.2167857521066247,14.837104590012538,0.0
2025-03-04 15:00:00+00:00,83.1824951171875,0.2034682067066894,14.106032957749566,0.0
2025-03-04 16:00:00+00:00,66.81999969482422,0.44376378554496954,34.21972695995629,77.11248207857327
2025-03-04 17:00:00+00:00,88.5050048828125,0.4809102343193253,36.1009016483723,75.06785897261906
2025-03-04 18:00:00+00:00,45.53666687011719,0.4818857152948063,33.79782222729903,70.1365928778825
2025-03-04 19:00:00+00:00,45.53666687011719,0.5341000010090919,43.898153727077734,82.19088868028379
2025-03-04 20:00:00+00:00,45.53666687011719,0.3659134530822538,24.099476686524838,65.86113870240105
2025-03-04 21:00:00+00:00,26.89666748046875,0.21947877467084168,14.239829882369962,0.0
2025-03-04 22:00:00+00:00,66.69000244140625,0.1806513052982387,11.776554141566304,0.0
2025-03-04 23:00:00+00:00,38.505001068115234,0.20623019655106917,14.60339062922755,0.0
2025-03-05 00:00:00+00:00,17.236665725708008,0.44376378554496954,35.08852475088184,79.07027543446554
2025-03-05 01:00:00+00:00,42.915000915527344,0.3804775031301749,26.56034328153696,69.80792047631189
2025-03-05 02:00:00+00:00,58.220001220703125,0.33252623612153076,23.5176773510392,70.72427615138321
2025-03-05 03:00:00+00:00,53.165000915527344,0.28123934658408534,21.726914085524317,0.0
2025-03-05 04:00:00+00:00,39.28499984741211,0.41428910020842824,31.944268504059842,77.10622482703197
2025-03-05 05:00:00+00:00,12.56666660308838,0.46929719270628356,33.8191394882671,72.06337479506999
2025-03-05 06:00:00+00:00,26.74249839782715,0.3127695666003533,23.15038730953466,0.0
2025-03-05 07:00:00+00:00,74.04000091552734,0.2143971656980746,14.31765931689765,0.0
2025-03-05 08:00:00+00:00,74.04000091552734,0.20623019655106917,14.064568500273582,0.0
2025-03-05 09:00:00+00:00,10.296666145324709,0.4380640399978956,31.51294498337969,71.93684508669342
2025-03-05 10:00:00+00:00,44.77999877929688,0.5234102343193252,37.12733183007423,70.9335228768633
2025-03-05 11:00:00+00:00,44.77999877929688,0.3472716680380298,26.001048286275132,74.87235694513309
2025-03-05 12:00:00+00:00,98.11249542236328,0.27832325059291485,19.613100680324536,0.0
2025-03-05 13:00:00+00:00,83.45999908447266,0.2037950040923103,13.680233322145492,0.0
2025-03-05 14:00:00+00:00,31.64999961853028,0.4380640399978956,40.928145935821085,93.42959521630148
2025-03-05 15:00:00+00:00,31.64999961853028,0.5386110520304068,40.55612096250371,75.29760261995915
2025-03-05 16:00:00+00:00,34.369998931884766,0.33828680797966365,23.572401581811516,69.68170506734211
2025-03-05 17:00:00+00:00,42.93000030517578,0.20590339916544825,13.672922151430022,0.0
2025-03-05 18:00:00+00:00,41.59250259399414,0.15367870225013083,10.22490046891973,0.0
2025-03-05 19:00:00+00:00,26.349998474121094,0.15367870225013083,10.215979746745882,0.0
2025-03-05 20:00:00+00:00,26.349998474121094,0.16617870225013082,11.82336440197074,0.0
2025-03-05 21:00:00+00:00,26.349998474121094,0.15367870225013083,10.497320952141457,0.0
2025-03-05 22:00:00+00:00,67.34000396728516,0.15848639455782312,10.52356085373202,0.0
2025-03-05 23:00:00+00:00,46.1349983215332,0.2701562814459094,20.3162236953211,0.0
2025-03-06 00:00:00+00:00,46.1349983215332,0.41029906746786826,32.69671065717641,79.68994630907122
2025-03-06 01:00:00+00:00,48.470001220703125,0.38785077501957577,29.38588141080398,75.7659473783978
2025-03-06 02:00:00+00:00,31.520000457763672,0.38785077501957577,29.809050146137224,76.85700807129415
2025-03-06 03:00:00+00:00,60.93999862670898,0.42630994316165705,32.70186665514342,76.70913423368792
2025-03-06 04:00:00+00:00,67.10333251953125,0.502393884185332,59.0980375376574,117.63287611171687
2025-03-06 05:00:00+00:00,68.78500366210938,0.7607047535429498,88.58936186063238,116.45695842970775
2025-03-06 06:00:00+00:00,65.33000183105469,0.7208116441709322,55.713715691360456,77.29302952013437
2025-03-06 07:00:00+00:00,30.309999465942383,0.7187994800898027,51.193552670044035,71.22090943032987
2025-03-06 08:00:00+00:00,44.41999816894531,0.590587097621057,45.843386781866904,77.62341400028646
2025-03-06 09:00:00+00:00,40.119998931884766,0.40913842016318486,29.64375947646897,72.4541084766509
2025-03-06 10:00:00+00:00,38.11000061035156,0.400172474249384,31.282030605878,78.17137014372285
2025-03-06 11:00:00+00:00,52.383331298828125,0.3424235571104011,27.904853842681913,81.49221414017693
2025-03-06 12:00:00+00:00,76.58000183105469,0.35366477490899595,28.48920989319869,80.55427601046628
2025-03-06 13:00:00+00:00,55.66999816894531,0.38046709149185626,30.252880802250715,79.51510519247698
2025-03-06 14:00:00+00:00,26.88666725158692,0.44628486893754066,35.350833337728666,79.21136430613818
2025-03-06 15:00:00+00:00,69.61499786376953,0.49183248798515977,36.43743310099612,74.08504722871328
2025-03-06 16:00:00+00:00,53.23500061035156,0.3659134530822538,26.029078564075025,71.13452196091828
2025-03-06 17:00:00+00:00,61.04750061035156,0.4122235348762066,29.712409714733358,72.0783924276817
2025-03-06 18:00:00+00:00,49.86000061035156,0.41252741718587915,30.098802619815554,72.96194474815586
2025-03-06 19:00:00+00:00,118.83499908447266,0.41895754161021337,29.939158848396406,71.4610810759697
2025-03-06 20:00:00+00:00,111.52999877929688,0.34281584217375316,22.707839489708952,66.23917770462803
2025-03-06 21:00:00+00:00,55.505001068115234,0.42441811508691585,41.41484540663867,97.58029625610442
2025-03-06 22:00:00+00:00,22.80500030517578,0.5116959486050396,48.47212500997958,94.72837364087385
2025-03-06 23:00:00+00:00,22.170000076293945,0.5050438221055847,37.72730270803648,74.70104782342867
2025-03-07 00:00:00+00:00,22.170000076293945,0.3909162155385412,27.987550192646083,71.59475376095452
2025-03-07 01:00:00+00:00,81.05250549316406,0.3020734624616262,22.84563887745133,0.0
2025-03-07 02:00:00+00:00,140.20999145507812,0.33975754242023826,25.252591737900882,74.32533081684036
2025-03-07 03:00:00+00:00,191.7675018310547,0.5813434001420653,46.0009838428474,79.12876250354944
2025-03-07 04:00:00+00:00,228.1599884033203,0.8356697916019951,137.89781966579105,165.0147235805165
2025-03-07 05:00:00+00:00,237.4933319091797,0.896456382661183,168.8982610050781,188.40655749886432
2025-03-07 06:00:00+00:00,170.5,0.9616897138726301,184.13104402246,191.46616769038982
2025-03-07 07:00:00+00:00,68.30999755859375,0.964546856729773,172.81180421128514,179.16372129104352
2025-03-07 08:00:00+00:00,68.30999755859375,0.9440494460361029,146.28837596436438,154.95838335439257
2025-03-07 09:00:00+00:00,68.30999755859375,0.929471157340167,104.76377905083066,112.71331899166108
2025-03-07 10:00:00+00:00,61.560001373291016,0.9020847536189083,90.98896423630568,100.86520570410235
2025-03-07 11:00:00+00:00,112.9749984741211,0.8920744337014674,92.14742163259413,103.29566474654877
2025-03-07 12:00:00+00:00,112.9749984741211,0.8364789291384038,86.79929819558411,103.76746523070194
2025-03-07 13:00:00+00:00,165.66000366210938,0.8922202528654142,102.148586432591,114.48808307649958
2025-03-07 14:00:00+00:00,81.49666595458984,0.9340865419555516,108.10572306872584,115.73416189296734
2025-03-07 15:00:00+00:00,45.54999923706055,0.9201072817791085,107.92819001683849,117.29957164141753
2025-03-07 16:00:00+00:00,46.209999084472656,0.9201072817791085,82.51316013909172,89.67776016242938
2025-03-07 17:00:00+00:00,10.904999732971191,0.5274333343424253,47.160740013394346,89.41554684288535
2025-03-07 18:00:00+00:00,10.904999732971191,0.33483353364026547,26.09356787704322,77.92997192771415
2025-03-07 19:00:00+00:00,19.773332595825195,0.2736057587978258,20.652704646313758,0.0
2025-03-07 20:00:00+00:00,6.5966668128967285,0.2736057587978258,21.9471337104214,0.0
2025-03-07 21:00:00+00:00,14.522499084472656,0.27832325059291485,22.674918969518096,0.0
2025-03-07 22:00:00+00:00,15.404999732971191,0.2083188217250413,15.63525329485005,0.0
2025-03-07 23:00:00+00:00,23.86000061035156,0.16959750566893422,12.324574793479826,0.0
2025-03-08 00:00:00+00:00,31.595001220703125,0.1692707082833133,12.657817310025267,0.0
2025-03-08 01:00:00+00:00,16.735000610351562,0.17001928640308583,12.518305663347524,0.0
2025-03-08 02:00:00+00:00,8.863333702087402,0.22759913776763835,17.26800204661479,0.0
2025-03-08 03:00:00+00:00,35.03249740600586,0.2813974992445042,22.748829935981334,0.0
2025-03-08 04:00:00+00:00,21.43000030517578,0.2701562814459094,18.729425292973318,0.0
2025-03-08 05:00:00+00:00,15.316665649414062,0.2167857521066247,15.24433469071049,0.0
2025-03-08 06:00:00+00:00,28.6924991607666,0.2178871450137195,15.058526248982542,0.0
2025-03-08 07:00:00+00:00,41.40999984741211,0.2178871450137195,15.141091043009038,0.0
2025-03-08 08:00:00+00:00,22.31999969482422,0.25447251086737804,17.696747586284186,0.0
2025-03-08 09:00:00+00:00,34.91666793823242,0.2167857521066247,14.934151472747333,0.0
2025-03-08 10:00:00+00:00,34.91666793823242,0.2178871450137195,14.55034540391645,0.0
2025-03-08 11:00:00+00:00,61.9800033569336,0.22032233747247837,14.894700626517539,0.0
2025-03-08 12:00:00+00:00,90.65250396728516,0.22032233747247837,15.125378479510509,0.0
2025-03-08 13:00:00+00:00,129.50498962402344,0.4024044134291782,27.73566097458656,68.92484289183359
2025-03-08 14:00:00+00:00,60.584999084472656,0.4533021080231225,40.601109733309926,89.56744081860502
2025-03-08 15:00:00+00:00,146.4499969482422,0.5371473118253729,54.08841072753523,100.69567423455602
2025-03-08 16:00:00+00:00,106.3000030517578,0.46469401810310906,31.87865425593328,68.60138717959536
2025-03-08 17:00:00+00:00,37.32500076293945,0.4890285724376634,48.35666295603598,98.88310352704396
2025-03-08 18:00:00+00:00,58.77000045776367,0.4858196693814321,45.34259826101811,93.33215824454038
2025-03-08 19:00:00+00:00,76.5999984741211,0.41029906746786826,29.45350946301412,71.7854652821523
2025-03-08 20:00:00+00:00,75.68500518798828,0.3659134530822538,25.684002635668232,70.19146855443633
2025-03-08 21:00:00+00:00,107.76333618164062,0.42804845070112246,32.0788190324794,74.94202812774083
2025-03-08 22:00:00+00:00,129.07501220703125,0.467897373331229,36.19959419774412,77.3665257832471
2025-03-08 23:00:00+00:00,80.02999877929688,0.4777164947782574,46.36849252853918,97.06278312634386
2025-03-09 00:00:00+00:00,65.03999328613281,0.48361165904551473,48.301059273301064,99.87571302278147
2025-03-09 01:00:00+00:00,41.51333236694336,0.5207581078198705,42.91167392839678,82.40231555499827
2025-03-09 02:00:00+00:00,48.0,0.4893114045925885,40.04033574978104,81.82996630360479
2025-03-09 03:00:00+00:00,111.18999481201172,0.41822932925409406,29.040808190647297,69.43752185539249
2025-03-09 04:00:00+00:00,13.960000038146973,0.4056793079638356,32.937014474894404,81.1897817520202
2025-03-09 05:00:00+00:00,158.5333251953125,0.49349078341013825,48.49529434639946,98.2699089358579
2025-03-09 06:00:00+00:00,67.08999633789062,0.42351040158829323,29.391501522803498,69.39971583360503
2025-03-09 07:00:00+00:00,242.44000244140625,0.625829841659718,68.10455241988635,108.8227947700148
2025-03-09 08:00:00+00:00,242.44000244140625,0.8160848425987541,103.1768924608994,126.42912485954425
2025-03-09 09:00:00+00:00,115.26000213623048,0.8808110110836079,111.06983882051145,126.09951218010889
2025-03-09 10:00:00+00:00,115.93499755859376,0.8778595948336259,110.80347405304846,126.22004100103071
2025-03-09 11:00:00+00:00,212.3066864013672,0.8817117782891429,122.41231185072196,138.83483794244933
2025-03-09 12:00:00+00:00,248.1300048828125,0.8966137390734567,119.4056119047904,133.17397079837508
2025-03-09 13:00:00+00:00,312.3066711425781,0.9042038719007811,157.15309370374655,173.80272147406936
2025-03-09 14:00:00+00:00,258.4125061035156,0.9141667759813323,169.07299501426627,184.94764790896187
2025-03-09 15:00:00+00:00,273.4849853515625,0.9161511152525499,190.60805499289697,208.05307314432858
2025-03-09 16:00:00+00:00,248.7533416748047,0.9300701858596595,178.99182491474588,192.44980393528536
2025-03-09 17:00:00+00:00,252.4033203125,0.9106216210516782,174.92437508512555,192.09336901434992
2025-03-09 18:00:00+00:00,252.4033203125,0.9203758827964134,179.46848191524597,194.9947681918392
2025-03-09 19:00:00+00:00,252.4033203125,0.908531724321198,166.04600033891,182.76301849885309
2025-03-09 20:00:00+00:00,170.913330078125,0.9117539215378955,161.73679016613963,177.3908357787275
2025-03-09 21:00:00+00:00,160.48500061035156,0.9300701858596595,160.41632802040138,172.4776586318906
2025-03-09 22:00:00+00:00,151.93666076660156,0.9300701858596595,146.83722746319364,157.87757708572573
2025-03-09 23:00:00+00:00,128.42999267578125,0.9099734425072649,146.92158401216773,161.4570020937669
2025-03-10 00:00:00+00:00,5.0,0.9100969618616677,99.5475234151723,109.38122814028605
2025-03-10 01:00:00+00:00,5.0,0.8441916950958506,95.76550452621593,113.44047220855757
2025-03-10 02:00:00+00:00,71.48332977294922,0.5247354823075089,56.76859035012988,108.18515664405172
2025-03-10 03:00:00+00:00,177.5399932861328,0.51697348830923,68.66467906032238,132.82050359079594
2025-03-10 04:00:00+00:00,217.08999633789065,0.6817737539890232,101.36767936101499,148.68228465516296
2025-03-10 05:00:00+00:00,208.1166534423828,0.8330805839847395,142.54122650684872,171.10136671899656
2025-03-10 06:00:00+00:00,197.46665954589844,0.9469065888932457,176.80429618212042,186.71778003865316
2025-03-10 07:00:00+00:00,220.8600006103516,0.9394340614207183,169.15437051816036,180.0598652579682
2025-03-10 08:00:00+00:00,220.8600006103516,0.9440494460361029,168.6394382237196,178.63411596903833
2025-03-10 09:00:00+00:00,215.433334350586,0.9734915156744319,158.67212917020674,162.99282183294548
2025-03-10 10:00:00+00:00,215.433334350586,0.9616897138726301,165.60971650733225,172.20701658587797
2025-03-10 11:00:00+00:00,165.32000732421875,0.9663486585315748,160.82565128375575,166.4261132499941
2025-03-10 12:00:00+00:00,191.33499145507807,0.964546856729773,160.13483782191437,166.02079692099156
2025-03-10 13:00:00+00:00,191.33499145507807,0.937924684344923,145.24993517385758,154.86311171701897
2025-03-10 14:00:00+00:00,222.7100067138672,0.9616897138726301,160.0260598081678,166.40092693074416
2025-03-10 15:00:00+00:00,222.7100067138672,0.964546856729773,162.66527807524747,168.64424671576086
2025-03-10 16:00:00+00:00,222.7100067138672,0.9440494460361029,167.24720905324907,177.15937417842954
2025-03-10 17:00:00+00:00,222.7100067138672,0.9275323934147464,168.0661517508398,181.19706971321807
2025-03-10 18:00:00+00:00,254.73001098632807,0.9616897138726301,165.20320448143448,171.78431057162646
2025-03-10 19:00:00+00:00,242.5399932861328,0.9616897138726301,152.62898621134906,158.70918032046646
2025-03-10 20:00:00+00:00,232.32000732421875,0.9469065888932457,143.19456287148142,151.22353625065458
2025-03-10 21:00:00+00:00,206.9600067138672,0.9023494726220695,108.64748215575445,120.40510406687986
2025-03-10 22:00:00+00:00,56.459999084472656,0.7607047535429498,87.99448011210983,115.67494445417793
2025-03-10 23:00:00+00:00,196.9099884033203,0.726040626040626,82.49178592071685,113.61869151947562
2025-03-11 00:00:00+00:00,30.38999938964844,0.6493724672223659,57.037042636295205,87.83409447626596
2025-03-11 01:00:00+00:00,56.54750061035156,0.5839165342207939,67.8694856069473,116.2314845177583
2025-03-11 02:00:00+00:00,142.8249969482422,0.4746688757306384,42.27317421326497,89.05823906864676
2025-03-11 03:00:00+00:00,69.26333618164062,0.6180759336448991,61.983563633606295,100.28470655389971
2025-03-11 04:00:00+00:00,152.6300048828125,0.8441916950958506,118.24286988286089,140.06637422491517
2025-03-11 05:00:00+00:00,282.3433532714844,0.9025068290343432,122.63853428581777,135.8865443899605
2025-03-11 06:00:00+00:00,183.5900115966797,0.9346855704750441,156.57815361844084,167.51960077746963
2025-03-11 07:00:00+00:00,230.5399932861328,0.9487083906950474,173.24022713082476,182.60640343225452
2025-03-11 08:00:00+00:00,139.9550018310547,0.9736404765138257,164.47292482407104,168.92572647860283
2025-03-11 09:00:00+00:00,139.9550018310547,0.9739974061803226,175.730924141797,180.42237384486708
2025-03-11 10:00:00+00:00,150.55999755859375,0.9540494460361029,141.8231521550038,148.6538803038485
2025-03-11 11:00:00+00:00,150.55999755859375,0.9440494460361029,142.4953619867278,150.94057052312323
2025-03-11 12:00:00+00:00,252.77333068847656,0.9469065888932457,149.88144530605237,158.28535471617676
2025-03-11 13:00:00+00:00,230.7066650390625,0.9340391261186621,142.39779423675836,152.45377870676893
2025-03-11 14:00:00+00:00,240.4066619873047,0.9100969618616677,163.30645245882886,179.43852062177416
2025-03-11 15:00:00+00:00,243.1649932861328,0.964546856729773,169.98300455732246,176.23094551739834
2025-03-11 16:00:00+00:00,289.5666809082031,0.9793009550904287,182.7324965710415,186.59483136536713
2025-03-11 17:00:00+00:00,218.31333923339844,0.964546856729773,188.74042715602926,195.67782097796695
2025-03-11 18:00:00+00:00,218.31333923339844,0.9764887964887965,187.45819231701392,191.97167749498567
2025-03-11 19:00:00+00:00,240.3999938964844,0.9616897138726301,172.62513388646335,179.5019031568081
2025-03-11 20:00:00+00:00,200.0733184814453,0.9570743292572456,181.7611219469963,189.91327673374673
2025-03-11 21:00:00+00:00,247.7749938964844,0.9570743292572456,173.0227181457764,180.78294742275006
2025-03-11 22:00:00+00:00,236.65750122070312,0.9440494460361029,162.6780851037391,172.319454014613
2025-03-11 23:00:00+00:00,115.74333953857422,0.9394340614207183,153.73249060830634,163.64372649615737
2025-03-12 00:00:00+00:00,225.2466583251953,0.9440494460361029,145.02377019796361,153.61882876674824
2025-03-12 01:00:00+00:00,225.2466583251953,0.9340865419555516,135.48001965797764,145.0401152063964
2025-03-12 02:00:00+00:00,107.47000122070312,0.9469065888932457,158.13641281116796,167.00318137610537
2025-03-12 03:00:00+00:00,163.77333068847656,0.964546856729773,167.0251083962007,173.1643281307114
2025-03-12 04:00:00+00:00,163.77333068847656,0.964546856729773,154.07032127703553,159.7333713775191
2025-03-12 05:00:00+00:00,177.0,0.99055330634278,201.58313646007184,203.5055914399363
2025-03-12 06:00:00+00:00,219.3249969482422,0.9751962073791237,184.19343577719275,188.8783348247626
2025-03-12 07:00:00+00:00,220.0,0.99055330634278,203.59489099877507,205.53653164862715
2025-03-12 08:00:00+00:00,185.7366485595703,0.9917521075415813,239.39938055681375,241.39034213927943
2025-03-12 09:00:00+00:00,185.7366485595703,0.9769980091809256,198.10364342937922,202.76770430214188
2025-03-12 10:00:00+00:00,185.7366485595703,0.9870885790595884,190.04428232226076,192.530119741957
2025-03-12 11:00:00+00:00,181.163330078125,0.964546856729773,182.4154090709966,189.12031882977976
2025-03-12 12:00:00+00:00,210.1999969482422,0.964546856729773,186.79146519625957,193.65722244906033
2025-03-12 13:00:00+00:00,179.07501220703125,0.9616897138726301,175.63100150701365,182.62751381603618
2025-03-12 14:00:00+00:00,208.7250061035156,0.9440494460361029,201.46287134717846,213.4028807421958
2025-03-12 15:00:00+00:00,113.4000015258789,0.9527297157642506,182.92939305988554,192.00554998239474
2025-03-12 16:00:00+00:00,175.32000732421875,0.9764438122332859,204.49805385743693,209.43146066921824
2025-03-12 17:00:00+00:00,224.62335205078125,0.964546856729773,132.29542243616172,137.1581085077607
2025-03-12 18:00:00+00:00,224.62335205078125,0.964546856729773,172.5733064848696,178.91645727815342
2025-03-12 19:00:00+00:00,131.72000122070312,0.964546856729773,196.20925206850058,203.42117202448202
2025-03-12 20:00:00+00:00,96.0,0.9663486585315748,188.57912801321498,195.14605453043455
2025-03-12 21:00:00+00:00,96.0,0.9616897138726301,153.64201786106867,159.76256753580876
2025-03-12 22:00:00+00:00,96.0,0.9201072817791085,119.31260751973937,129.67249567793652
2025-03-12 23:00:00+00:00,213.6533203125,0.9147123464770524,113.17587986577222,123.72838335642984
2025-03-13 00:00:00+00:00,101.08000183105467,0.9147123464770524,122.64355317451137,134.07882122381318
2025-03-13 01:00:00+00:00,139.3000030517578,0.9247226663944931,146.39952960954813,158.31722842953766
2025-03-13 02:00:00+00:00,139.3000030517578,0.9240762220381109,122.15406178228868,132.1904609912696
2025-03-13 03:00:00+00:00,172.72999572753906,0.9440494460361029,157.41679634201745,166.74634681793714
2025-03-13 04:00:00+00:00,264.2200012207031,0.9739974061803226,175.14098144320576,179.81668157623486
2025-03-13 05:00:00+00:00,245.8633270263672,0.9917521075415813,191.91133442619312,193.5073623406914
2025-03-13 06:00:00+00:00,193.67999267578125,0.9917521075415813,250.66017938647485,252.74479124408154
2025-03-13 07:00:00+00:00,166.0399932861328,0.9917521075415813,221.46346944961363,223.30526727953367
2025-03-13 08:00:00+00:00,263.5350036621094,0.9917521075415813,213.81652735644332,215.59472949996086
2025-03-13 09:00:00+00:00,157.6699981689453,0.9917521075415813,189.35812716343693,190.93292136563238
2025-03-13 10:00:00+00:00,251.509994506836,0.9917521075415813,214.9671473699268,216.75491862860886
2025-03-13 11:00:00+00:00,236.8099975585937,0.9917521075415813,192.3539064840174,193.95361504281203
2025-03-13 12:00:00+00:00,236.8099975585937,0.9905982905982906,240.53869383351847,242.82163225644229
2025-03-13 13:00:00+00:00,236.8099975585937,0.9747756971583895,215.54660204223643,221.12430856717663
2025-03-13 14:00:00+00:00,287.5966491699219,0.9758441922376349,199.6242634345093,204.5657134842048
2025-03-13 15:00:00+00:00,295.7699890136719,0.9905982905982906,228.05822865541586,230.22271572634733
2025-03-13 16:00:00+00:00,227.60499572753903,0.9917521075415813,205.93154586068894,207.64417266645924
2025-03-13 17:00:00+00:00,208.989990234375,0.99055330634278,238.3445742857956,240.61761518497894
2025-03-13 18:00:00+00:00,208.989990234375,0.99055330634278,229.9787192444689,232.17197678494747
2025-03-13 19:00:00+00:00,168.61334228515625,0.9616897138726301,192.5125152559503,200.18152682607084
2025-03-13 20:00:00+00:00,152.72750854492188,0.9782456140350877,216.34721107422968,221.15837573943853
2025-03-13 21:00:00+00:00,192.4875030517578,0.9570743292572456,151.34059862587262,158.12836474605183
2025-03-13 22:00:00+00:00,196.44000244140625,0.9394340614207183,144.0043434829306,153.28839925726237
2025-03-13 23:00:00+00:00,124.66999816894533,0.9440494460361029,163.092799006722,172.75874657998042
2025-03-14 00:00:00+00:00,210.0200042724609,0.9142141918182218,154.75968705535334,169.28165023074268
2025-03-14 01:00:00+00:00,284.1575012207031,0.9235306515423909,146.30631223328572,158.42063497182164
2025-03-14 02:00:00+00:00,118.05999755859376,0.9394340614207183,162.0468336842562,172.494100798507
2025-03-14 03:00:00+00:00,202.8325042724609,0.9570743292572456,173.59199985197438,181.37776194111643
2025-03-14 04:00:00+00:00,220.4600067138672,0.9905982905982906,159.89293405456974,161.41046837260274
2025-03-14 05:00:00+00:00,255.05665588378903,0.991797091797092,203.32422742679856,205.00587177401798
2025-03-14 06:00:00+00:00,265.4625244140625,0.99055330634278,204.64763178577115,206.59931219789704
2025-03-14 07:00:00+00:00,179.57000732421875,0.991797091797092,218.66964053474558,220.47820299465283
2025-03-14 08:00:00+00:00,98.00999450683594,0.9935064935064937,203.40269354218626,204.732122911743
2025-03-14 09:00:00+00:00,94.91999816894533,0.9917521075415813,165.14361429847415,166.51702884488213
2025-03-14 10:00:00+00:00,102.6866683959961,0.9769980091809256,120.6049949567691,123.44446336986839
2025-03-14 11:00:00+00:00,109.16999816894533,0.9751962073791237,104.04821629217692,106.69464822039289
2025-03-14 12:00:00+00:00,109.16999816894533,0.9192725495451464,99.4854899681838,108.22197401348377
2025-03-14 13:00:00+00:00,109.16999816894533,0.9194299059574202,100.37238685309373,109.16806838969852
2025-03-14 14:00:00+00:00,194.27999877929688,0.9299925827172799,103.2600713143636,111.03322030016118
2025-03-14 15:00:00+00:00,186.5433349609375,0.9751962073791237,113.95193430557337,116.85026402207147
2025-03-14 16:00:00+00:00,178.14500427246094,0.9575559395425964,164.91336582868985,172.2232185280636
2025-03-14 17:00:00+00:00,96.0,0.991797091797092,177.09195552831144,178.55663924909152
2025-03-14 18:00:00+00:00,160.635009765625,0.964546856729773,165.8860583238411,171.98341082802952
2025-03-14 19:00:00+00:00,72.80000305175781,0.9716897138726301,114.18834676610084,117.51523674260973
2025-03-14 20:00:00+00:00,71.38666534423828,0.9739974061803226,124.65091983288585,127.97869793280373
2025-03-14 21:00:00+00:00,289.3299865722656,0.8265121930261046,65.57043290952916,79.33389665971714
2025-03-14 22:00:00+00:00,47.16666793823242,0.5948497768870944,46.9283924017672,78.89116584585095
2025-03-14 23:00:00+00:00,33.904998779296875,0.5274333343424253,59.46304088205528,112.74039202734599
2025-03-15 00:00:00+00:00,34.744998931884766,0.4571626649950288,35.69879761690636,78.08773627062165
2025-03-15 01:00:00+00:00,38.95249938964844,0.3659134530822538,30.549324260664118,83.48784119122541
2025-03-15 02:00:00+00:00,34.75749969482422,0.3659134530822538,28.884458758723653,78.93795244590449
2025-03-15 03:00:00+00:00,65.72666931152344,0.38163842016318494,34.89846667082349,91.44379817918028
2025-03-15 04:00:00+00:00,42.619998931884766,0.44615927809313377,40.61477013451229,91.0319971560339
2025-03-15 05:00:00+00:00,24.05500030517578,0.5303967393677453,45.293650445893455,85.39579353350729
2025-03-15 06:00:00+00:00,24.05500030517578,0.47238865595041857,38.7065880361207,81.93801343143029
2025-03-15 07:00:00+00:00,21.165000915527344,0.45377832571218146,36.480200817090434,80.3921182437188
2025-03-15 08:00:00+00:00,4.644999980926514,0.31349193597241215,23.920447533658777,0.0
2025-03-15 09:00:00+00:00,3.4100000858306885,0.32489264833527126,25.344321813144006,0.0
2025-03-15 10:00:00+00:00,-2.7300000190734863,0.3275907038409365,29.098659483049758,0.0
2025-03-15 11:00:00+00:00,46.040000915527344,0.3149235571104011,22.985082461306465,0.0
2025-03-15 12:00:00+00:00,15.414999961853027,0.2569077033261369,18.63561210767878,0.0
2025-03-15 13:00:00+00:00,49.400001525878906,0.2699500787569993,19.394070437788802,0.0
2025-03-15 14:00:00+00:00,41.45000076293945,0.25901747604146497,17.710714344577124,0.0
2025-03-15 15:00:00+00:00,79.663330078125,0.27832325059291485,19.1907412891958,0.0
2025-03-15 16:00:00+00:00,51.44499969482422,0.28595683837917435,20.74632901433325,0.0
2025-03-15 17:00:00+00:00,21.530000686645508,0.4380640399978956,32.09993409411327,73.27680695787647
2025-03-15 18:00:00+00:00,23.39999961853028,0.42351040158829323,28.77103595130357,67.93466191952643
2025-03-15 19:00:00+00:00,23.39999961853028,0.3163494860423417,21.49623706824083,0.0
2025-03-15 20:00:00+00:00,26.71666717529297,0.27832325059291485,18.46082985145691,0.0
2025-03-15 21:00:00+00:00,51.81333541870117,0.22032233747247837,14.49582975902254,0.0
2025-03-15 22:00:00+00:00,69.97000122070312,0.23357091559225088,16.132341350630227,0.0
2025-03-15 23:00:00+00:00,58.41499710083008,0.3424235571104011,23.888575452076793,69.7632360742484
2025-03-16 00:00:00+00:00,42.44499969482422,0.4281811853499861,34.05732870330495,79.53952641676027
2025-03-16 01:00:00+00:00,40.7599983215332,0.415998813014942,33.717382692521866,81.05163197018736
2025-03-16 02:00:00+00:00,95.74332427978516,0.39458478175358247,31.612445271460857,80.11572349792947
2025-03-16 03:00:00+00:00,35.23999786376953,0.31621904395226974,22.141719778960308,0.0
2025-03-16 04:00:00+00:00,65.50333404541016,0.46043045221163614,46.152822398183766,100.23842292900665
2025-03-16 05:00:00+00:00,22.82999992370605,0.4380640399978956,31.113270279227738,71.02447915920513
2025-03-16 06:00:00+00:00,22.82999992370605,0.5264578533669443,42.613414627463975,80.9436393719483
2025-03-16 07:00:00+00:00,17.78499984741211,0.4459704630322257,34.94071033098334,78.34758852282675
2025-03-16 08:00:00+00:00,51.28000259399414,0.39906961866491336,31.450659833266013,78.80995786771274
2025-03-16 09:00:00+00:00,51.28000259399414,0.36923628533158004,30.154994227847833,81.66855595128786
2025-03-16 10:00:00+00:00,51.28000259399414,0.36923628533158004,29.201430426740703,79.08602590484128
2025-03-16 11:00:00+00:00,51.28000259399414,0.38721150986418157,30.59437327530807,79.01204508626141
2025-03-16 12:00:00+00:00,17.065000534057617,0.38721150986418157,30.641169783967616,79.13290024543775
2025-03-16 13:00:00+00:00,17.065000534057617,0.38721150986418157,29.556833560642158,76.33252836675625
2025-03-16 14:00:00+00:00,126.13249969482422,0.35960665570195044,25.741038935377137,71.58109708823591
2025-03-16 15:00:00+00:00,46.18333435058594,0.30552293981354256,24.4788874824125,0.0
2025-03-16 16:00:00+00:00,195.33999633789065,0.5184982084175632,54.31751020748647,104.75930162470848
2025-03-16 17:00:00+00:00,39.073333740234375,0.45377832571218146,36.99359517341758,81.52349523384146
2025-03-16 18:00:00+00:00,19.26000022888184,0.5668130602324151,58.63339641093221,103.4439756679041
